features,attribute,family,n_reviews,coef,coef_fold_sd,sign_stable,intercept
all,BLOOD ORANGE,citrus,140,0.5087353536935864,0.15659559956156463,True,-5.158389173841295
all,CITRUS,citrus,183,0.6349787028592816,0.0681765295214328,True,-5.158389173841295
all,CLEMENTINE,citrus,26,0.77098524653794,0.2875777970772143,True,-5.158389173841295
all,LIME,citrus,167,0.7909076553294515,0.11610667964957323,True,-5.158389173841295
all,GRAPEFRUIT,citrus,133,0.7213962346912437,0.18301285971111747,True,-5.158389173841295
all,ORANGE,citrus,159,0.8072679936617837,0.1133117353710099,True,-5.158389173841295
all,KEY LIME,citrus,8,0.2869479756387542,0.1969720236647554,True,-5.158389173841295
all,LEMON,citrus,825,0.8294892997579202,0.02843271638746883,True,-5.158389173841295
all,LEMON PEEL,citrus,9,0.2542078340233426,0.2216202297254984,False,-5.158389173841295
all,LEMON ZEST,citrus,2,0.20363608400231156,0.1355152976705395,False,-5.158389173841295
all,MARMALADE,citrus,11,0.6537084625200619,0.1096778528559416,True,-5.158389173841295
all,ORANGE CREAM,citrus,1,-0.05240100486168845,0.026296379240504156,False,-5.158389173841295
all,TANGERINE,citrus,106,1.060126870430173,0.05349731815803237,True,-5.158389173841295
all,BERRY,berry,1753,0.10420496317149036,0.0453278102756171,True,-5.158389173841295
all,BLACK CURRANT,berry,1427,0.7039672619892359,0.043387629493691855,True,-5.158389173841295
all,BLACK RASPBERRY,berry,1,-0.024349926462053778,0.015861259284142937,False,-5.158389173841295
all,BLACKBERRY,berry,3228,0.5643620069544468,0.026598904544003436,True,-5.158389173841295
all,BLUEBERRY,berry,368,0.5838366943267164,0.08109914378396736,True,-5.158389173841295
all,BOYSENBERRY,berry,435,0.9079663828164956,0.07289098301539267,True,-5.158389173841295
all,CRANBERRY,berry,17,-0.09283266130772506,0.020152547269451752,True,-5.158389173841295
all,RASPBERRY,berry,1275,0.5468953674854784,0.05003412772126547,True,-5.158389173841295
all,CURRANT,berry,1885,0.44147640922748976,0.042799608590895016,True,-5.158389173841295
all,DARK BERRY,berry,1,-0.012997696388071156,0.006143455500333121,False,-5.158389173841295
all,GOOSEBERRY,berry,90,0.41218444108084,0.09632345315164896,True,-5.158389173841295
all,LOGANBERRY,berry,99,0.4124756295297578,0.2142018624737325,True,-5.158389173841295
all,MULBERRY,berry,8,0.7213543784252604,0.06554354842498827,True,-5.158389173841295
all,STRAWBERRY,berry,117,-0.46908994269623744,0.3548621618464166,True,-5.158389173841295
all,BLACK FRUIT,fruit_general,47,0.29724464188158917,0.27196675877146703,False,-5.158389173841295
all,DARK FRUIT,fruit_general,35,0.2889785845825078,0.23107573438772533,False,-5.158389173841295
all,EXOTIC FRUIT,fruit_general,10,0.3237145516626646,0.10073705327920507,True,-5.158389173841295
all,FRUIT,fruit_general,6015,0.05802528613155087,0.025149156443048274,True,-5.158389173841295
all,SWEET FRUIT,fruit_general,6,0.14897320709213965,0.029807614881010844,True,-5.158389173841295
all,TROPICAL FRUIT,fruit_general,2,0.435285754267746,0.1250515681259526,True,-5.158389173841295
all,APPLE,tree_fruit,962,0.6239880320297222,0.09681245334438575,True,-5.158389173841295
all,APPLE PIE,tree_fruit,5,0.31824886137867636,0.1963811846303369,True,-5.158389173841295
all,APPLE TART,tree_fruit,5,0.06972878910149877,0.09394066839584514,False,-5.158389173841295
all,APRICOT,tree_fruit,220,0.5630697172217598,0.061130776886834916,True,-5.158389173841295
all,BAKED PEACH,tree_fruit,1,-0.04247377327114584,0.02259677819355187,False,-5.158389173841295
all,BLACK CHERRY,tree_fruit,721,0.14353004287070417,0.1177388703382624,False,-5.158389173841295
all,CHERRY,tree_fruit,2362,-0.004739728316286297,0.041890989349230766,False,-5.158389173841295
all,COOKED APPLE,tree_fruit,3,0.05870862398918294,0.022380186683043587,True,-5.158389173841295
all,DATE,tree_fruit,19,0.006499331728796578,0.0782446241788552,False,-5.158389173841295
all,GRAPE,tree_fruit,59,0.18584741980181588,0.1752886433879953,True,-5.158389173841295
all,GREEN APPLE,tree_fruit,8,-0.13908919837473002,0.075087853952658,False,-5.158389173841295
all,GUAVA,tree_fruit,10,0.23697197481422969,0.13828501040354704,True,-5.158389173841295
all,JONAGOLD APPLE,tree_fruit,5,0.05543615815225537,0.022984712831703856,True,-5.158389173841295
all,KUMQUAT,tree_fruit,5,0.13865894616780472,0.19046594943189493,False,-5.158389173841295
all,NECTARINE,tree_fruit,60,1.1630097801006716,0.1052538222038977,True,-5.158389173841295
all,PERSIMMON,tree_fruit,31,0.5898722417062661,0.2516520519125471,True,-5.158389173841295
all,RED APPLE,tree_fruit,2,-0.10742016995324578,0.05718288923407446,False,-5.158389173841295
all,YELLOW APPLE,tree_fruit,37,0.6148867669610555,0.13795308119958619,True,-5.158389173841295
all,BANANA,tree_fruit,11,-0.20226676473049215,0.03143722207122553,True,-5.158389173841295
all,PLUM,tree_fruit,5478,0.24269668325840651,0.02988762106575931,True,-5.158389173841295
all,DAMSON,tree_fruit,621,-0.18641957055738956,0.026492891500209108,True,-5.158389173841295
all,PEAR,tree_fruit,147,0.5740086756975515,0.1613088839865184,True,-5.158389173841295
all,PEACH,tree_fruit,656,0.6796896224175476,0.17700204884901402,True,-5.158389173841295
all,MELON,tree_fruit,124,0.7647851481885017,0.11811359683136728,True,-5.158389173841295
all,PINEAPPLE,tree_fruit,257,0.737309932649187,0.15546862960853228,True,-5.158389173841295
all,LYCHEE,tree_fruit,5,-0.04389527355421404,0.021408205695550114,True,-5.158389173841295
all,MACERATED PLUM,tree_fruit,8,-0.1460766875176281,0.038444882854029035,True,-5.158389173841295
all,MANGO,tree_fruit,104,0.7187598231544613,0.20862554777661693,True,-5.158389173841295
all,PASSION FRUIT,tree_fruit,1,0.05242453154000318,0.030077896668329065,False,-5.158389173841295
all,PLUM CAKE,tree_fruit,8,-0.02639434210526717,0.03954595652644597,False,-5.158389173841295
all,PLUM SKIN,tree_fruit,39,-0.6156738532493803,0.14207726877307247,True,-5.158389173841295
all,POMEGRANATE,tree_fruit,218,-0.2258737852231365,0.12894631804699525,True,-5.158389173841295
all,QUINCE,tree_fruit,36,0.3298176889350208,0.13393599941118356,True,-5.158389173841295
all,STEEPED PLUM,tree_fruit,2,-0.04740704205450121,0.01946100819659931,True,-5.158389173841295
all,TOASTED COCONUT,tree_fruit,32,0.6546405840225958,0.17491582148403553,True,-5.158389173841295
all,BLACK FIG,dried_fruit,54,1.0752179208504533,0.17189005973651575,True,-5.158389173841295
all,MISSION FIG,dried_fruit,9,0.3170746228831056,0.05919810507740511,True,-5.158389173841295
all,BRAISED FIG,dried_fruit,27,0.5141054677898584,0.12351823049290836,True,-5.158389173841295
all,CRUSHED FIG,dried_fruit,23,0.20204062402309866,0.19353359122859373,False,-5.158389173841295
all,DRIED FRUIT,dried_fruit,2,0.22448074612315505,0.06331832298602,True,-5.158389173841295
all,DRIED TOMATO,dried_fruit,5,-0.01429164208810099,0.003684189916883285,True,-5.158389173841295
all,FIG,dried_fruit,830,0.7868284380959673,0.06832383621158113,True,-5.158389173841295
all,FIG PASTE,dried_fruit,1,0.04234866366661091,0.023214548017220598,False,-5.158389173841295
all,FRUIT CAKE,dried_fruit,227,0.19201082235605196,0.1649136929636636,False,-5.158389173841295
all,JAM,dried_fruit,267,-0.09917134528169996,0.06917677433404554,False,-5.158389173841295
all,LEMON CURD,dried_fruit,2,-0.05072983615255142,0.020030652090743433,True,-5.158389173841295
all,PLUM SAUCE,dried_fruit,4,0.39514307547142774,0.3214403637679227,False,-5.158389173841295
all,PRUNE,dried_fruit,38,-0.043083656161916783,0.06780607104409293,False,-5.158389173841295
all,RAISIN,dried_fruit,68,-0.07433253879340597,0.16325540032643737,False,-5.158389173841295
all,CANDIED FRUIT,candied,2,0.3157894461019878,0.1421846146291122,True,-5.158389173841295
all,KIRSCH,candied,82,1.1956974669306333,0.23852781336477394,True,-5.158389173841295
all,BISCUIT,yeast_dairy,3,-0.044304109851876966,0.023597967435596504,False,-5.158389173841295
all,BRIOCHE,yeast_dairy,159,0.33781132219929433,0.060309513132976625,True,-5.158389173841295
all,CREAM,yeast_dairy,499,0.396484429794722,0.0978385890696181,True,-5.158389173841295
all,BOTRYTIS,animal,41,0.5736264769581673,0.13597303679199524,True,-5.158389173841295
all,LANOLIN,animal,9,0.018395332209858086,0.2266346376395649,False,-5.158389173841295
all,LEATHER,animal,46,0.39791894537465017,0.23878370750355762,True,-5.158389173841295
all,BRIAR,floral_herbaceous,324,0.4687779462072081,0.07634679522780698,True,-5.158389173841295
all,CELERY,floral_herbaceous,16,-0.0027395458209229537,0.055435136661707914,False,-5.158389173841295
all,CHAMOMILE,floral_herbaceous,146,0.5036325865450035,0.17287397177195835,True,-5.158389173841295
all,CHIVE,floral_herbaceous,53,0.33282335105341426,0.11570420384966942,True,-5.158389173841295
all,CLOVE,floral_herbaceous,31,0.6577358651085219,0.1261424515434155,True,-5.158389173841295
all,LAVENDER,floral_herbaceous,14,0.30553611654119706,0.2200841095471446,False,-5.158389173841295
all,DRIED FLOWERS,floral_herbaceous,46,0.6641095040259233,0.07379133585034726,True,-5.158389173841295
all,DRIED LAVENDER,floral_herbaceous,2,0.04450390613679577,0.01717328338312885,True,-5.158389173841295
all,DRIED ROSES,floral_herbaceous,1,-0.006508065537943961,0.0034425958884930032,False,-5.158389173841295
all,FENNEL,floral_herbaceous,72,0.9479781415508738,0.21492213430685414,True,-5.158389173841295
all,FLORAL,floral_herbaceous,800,0.620240303921875,0.04111132508897033,True,-5.158389173841295
all,HONEYSUCKLE,floral_herbaceous,183,0.9421909016781069,0.15500187685721917,True,-5.158389173841295
all,JASMINE,floral_herbaceous,14,0.9349216322290907,0.09027980691305373,True,-5.158389173841295
all,LEAF,floral_herbaceous,536,-0.05541471423420198,0.09806626315744045,False,-5.158389173841295
all,LILAC,floral_herbaceous,199,0.14845552371148735,0.05540203595127765,True,-5.158389173841295
all,PINE,floral_herbaceous,3,0.28912506615709943,0.18056228666818716,False,-5.158389173841295
all,PLANTAIN,floral_herbaceous,10,0.5919797799513923,0.18327401034869953,True,-5.158389173841295
all,RHUBARB,floral_herbaceous,102,-0.29429598156375447,0.18885871061865053,True,-5.158389173841295
all,ROSE,floral_herbaceous,48,0.46824657982087425,0.18190300723007033,True,-5.158389173841295
all,TARRAGON,floral_herbaceous,153,0.37554847835013466,0.17646064541761416,True,-5.158389173841295
all,TOBACCO LEAF,floral_herbaceous,4,-0.048860251475307266,0.021249101373073946,True,-5.158389173841295
all,VERBENA,floral_herbaceous,210,0.5962178593904105,0.09946971154003469,True,-5.158389173841295
all,VIOLET,floral_herbaceous,354,0.5004257827876134,0.09938067330175587,True,-5.158389173841295
all,ANISE,spice,987,0.4813660583006141,0.04324560646780487,True,-5.158389173841295
all,SPICE,spice,1116,0.16785594093069403,0.056771272025355354,True,-5.158389173841295
all,BLACK LICORICE,spice,259,0.5271654750864896,0.0775885959160655,True,-5.158389173841295
all,BLACK PEPPER,spice,4,0.16979363044513893,0.07524615075173774,True,-5.158389173841295
all,BROWN BREAD,spice,1,-0.3417307882635163,0.17979541972218252,False,-5.158389173841295
all,CINNAMON,spice,50,0.14662990691682964,0.09915676551093681,True,-5.158389173841295
all,EXOTIC SPICE,spice,1,0.08241944737460544,0.044321377022290144,False,-5.158389173841295
all,FLEUR DE SEL,spice,37,0.32582304951156216,0.2181027378155115,True,-5.158389173841295
all,GINGER,spice,118,1.068994663198487,0.08357836493470698,True,-5.158389173841295
all,PEPPER,spice,163,-0.02932426417244835,0.1161434807729104,False,-5.158389173841295
all,NUTMEG,spice,15,0.42248522687799867,0.10476540577060967,True,-5.158389173841295
all,INDIAN SPICES,spice,75,-0.028479784116854943,0.16188737856302754,False,-5.158389173841295
all,LICORICE,spice,1146,0.47676803937168666,0.08525012124513251,True,-5.158389173841295
all,MACE,spice,4,0.20249943439586157,0.08434315490311242,True,-5.158389173841295
all,MULLED SPICE,spice,68,0.4329916849958041,0.14540559292394042,True,-5.158389173841295
all,PASTIS,spice,56,0.7755466026632366,0.21350141916190885,True,-5.158389173841295
all,ROASTED VANILLA,spice,125,0.06326885734669546,0.07646588234842945,False,-5.158389173841295
all,ROASTED WOOD SPICE,spice,9,0.17943803862057145,0.13027093847635723,False,-5.158389173841295
all,ROSEMARY,spice,16,0.43766699807291004,0.14442716798892902,True,-5.158389173841295
all,SEA SALT,spice,2,-0.045872902149399666,0.02649600055779577,False,-5.158389173841295
all,SINGED WOOD SPICE,spice,8,0.3573700419784292,0.2343317469173971,True,-5.158389173841295
all,SPICY,spice,4,-0.15409177279412828,0.09361835247891459,False,-5.158389173841295
all,TANNINS_HIGH,tannin,1017,0.014522139480120128,0.047255147702534354,False,-5.158389173841295
all,TANNINS_MEDIUM,tannin,1950,0.09123340659457166,0.07694105152710284,False,-5.158389173841295
all,TANNINS_MED,tannin,22,-0.42394532887174563,0.08613457331234199,True,-5.158389173841295
all,TANNINS_LOW,tannin,1807,0.19841427276604945,0.0425682633919626,True,-5.158389173841295
all,CORE,body,2444,0.27099946126295993,0.044736217191043204,True,-5.158389173841295
all,DARK RED,body,5,0.17020724119060082,0.12254758238730601,False,-5.158389173841295
all,DARK RUBY,body,23,0.1723683525395526,0.09475831474028548,True,-5.158389173841295
all,DARK-WINE,body,1,-0.0404306421439315,0.022650798236485428,False,-5.158389173841295
all,DENSE,body,358,0.7327456086894026,0.09477924440825729,True,-5.158389173841295
all,FRAME,body,516,-0.1418126066664493,0.06294540878781144,True,-5.158389173841295
all,FULL-BODIED,body,2285,0.5730877593891103,0.018956428733927704,True,-5.158389173841295
all,GOLDEN YELLOW,body,1,0.010122496112059341,0.004734580529716723,False,-5.158389173841295
all,LIGHT-BODIED,body,2536,-0.21504452603263072,0.04643102973188086,True,-5.158389173841295
all,MEDIUM-BODIED,body,2715,-1.4926635339737784,0.07247893260075226,True,-5.158389173841295
all,NICELY WOUND,body,3,0.1408036130499564,0.12619233214139364,False,-5.158389173841295
all,PURPLE,body,13,0.2877133946601693,0.1588110421654556,True,-5.158389173841295
all,RED,body,1935,-0.11668712650653829,0.04560290847369535,True,-5.158389173841295
all,ROUND,body,492,0.301379315733466,0.05634942544496343,True,-5.158389173841295
all,SOLID,body,1128,0.3213042912821177,0.06459353048223118,True,-5.158389173841295
all,WINE_WEIGHT,body,120,0.5318068099856686,0.19808382846985462,True,-5.158389173841295
all,WHITE,body,594,0.6884239115164231,0.18117856548528938,True,-5.158389173841295
all,YELLOW,body,211,0.6586672323583911,0.11332679304651583,True,-5.158389173841295
all,WELL-STRUCTURED,body,526,0.6716847188783414,0.06445135817509905,True,-5.158389173841295
all,CONCENTRATED,body,160,0.3911405771116195,0.08088516517233395,True,-5.158389173841295
all,ACIDITY_LOW,acidity,577,0.3614504689939991,0.02919263702734515,True,-5.158389173841295
all,ACIDITY_HIGH,acidity,1,-0.015001678926423484,0.008403489942270723,False,-5.158389173841295
all,ACIDITY_MEDIUM,acidity,1,-0.07375115311064216,0.03959726918835679,False,-5.158389173841295
all,FINISH,finish,10545,-0.07250203441562808,0.026922606958391243,True,-5.158389173841295
all,LONG FINISH,finish,39,1.4840032317729286,0.07589595547387215,True,-5.158389173841295
all,EXCELLENT FINISH,finish,537,0.2503728856355522,0.1007349819741557,True,-5.158389173841295
all,STRONG FINISH,finish,14,-0.09582439993218249,0.07491636174908993,False,-5.158389173841295
all,WEAK FINISH,finish,119,-0.9664898232185106,0.1472464274791935,True,-5.158389173841295
all,ACCENTS,descriptive,489,0.38467080293744754,0.07446023402942444,True,-5.158389173841295
all,BEAUTY,descriptive,345,1.4686779180028637,0.12158441344169196,True,-5.158389173841295
all,AGE WELL,descriptive,19,0.9131358070097684,0.15797173976546633,True,-5.158389173841295
all,AIRY,descriptive,55,0.4301055365539154,0.1678101996879102,True,-5.158389173841295
all,ALLURING,descriptive,201,0.8803261116981342,0.07129635801399024,True,-5.158389173841295
all,AMAZING,descriptive,15,0.6040836698455826,0.21470864208550436,True,-5.158389173841295
all,AMBITIOUS,descriptive,35,-0.065253327480479,0.10781817019164783,False,-5.158389173841295
all,AMPLE,descriptive,262,0.5070911296724874,0.09624327773575876,True,-5.158389173841295
all,INTENSE,descriptive,221,0.9681920387837271,0.11535700516180544,True,-5.158389173841295
all,ANGLES,descriptive,3,-0.09402222098445343,0.03951903266479567,True,-5.158389173841295
all,APPEALING,descriptive,12,0.18148941653171405,0.1674568440210159,False,-5.158389173841295
all,APPEALINGLY,descriptive,1,-0.015779109018804534,0.008063252274300964,False,-5.158389173841295
all,APPROACHABLE,descriptive,130,0.8709594649256022,0.1124306270985811,True,-5.158389173841295
all,AROMA,descriptive,17,0.12785037763536108,0.18505369104466898,False,-5.158389173841295
all,AROMATIC,descriptive,60,0.8244623012515517,0.2192461225164534,True,-5.158389173841295
all,ATTRACTIVE,descriptive,227,0.024001150475178097,0.06234349882819222,False,-5.158389173841295
all,AUSTERE,descriptive,311,-0.821854593736646,0.09645207887556857,True,-5.158389173841295
all,AWESOME,descriptive,2,0.017607136148155355,0.009582399549661752,True,-5.158389173841295
all,BACKWARD,descriptive,24,0.6654055018827586,0.07886568256172925,True,-5.158389173841295
all,BALANCE,descriptive,603,0.32465376474215807,0.07985584476111351,True,-5.158389173841295
all,BEAM,descriptive,275,-0.18055396783987349,0.128054380646229,True,-5.158389173841295
all,BEGUILING,descriptive,16,0.3912641436798317,0.06525658465585484,True,-5.158389173841295
all,GREAT,descriptive,5730,1.5767666921526833,0.032137588093661115,True,-5.158389173841295
all,BIG,descriptive,252,0.4109748098380226,0.12271803488146239,True,-5.158389173841295
all,BITTER,descriptive,524,-0.18078026178337359,0.06131567648260358,True,-5.158389173841295
all,BITTERNESS,descriptive,1,-0.011439567628084506,0.0060125668604487205,False,-5.158389173841295
all,BITTERSWEET,descriptive,86,0.42882290855446503,0.2156873174385218,True,-5.158389173841295
all,BLOCKBUSTER,descriptive,10,0.975907240964863,0.21361330398435047,True,-5.158389173841295
all,BOLD,descriptive,52,0.6069031872934296,0.20254362415350524,True,-5.158389173841295
all,BOUNCY,descriptive,36,0.7487025429086462,0.20534989414137725,True,-5.158389173841295
all,BRACING,descriptive,34,0.5498317674638421,0.19881877863221153,True,-5.158389173841295
all,BRAWNY,descriptive,10,0.16133334339314956,0.18084095373685594,False,-5.158389173841295
all,BREATHTAKING,descriptive,2,0.08616737618908829,0.03426621692061545,True,-5.158389173841295
all,BRICK HOUSE,descriptive,9,0.11884444065515311,0.03380591744702745,True,-5.158389173841295
all,BRIGHT,descriptive,611,0.35662390788088444,0.07054703414173791,True,-5.158389173841295
all,BRILLIANCE,descriptive,2,0.08909659903316981,0.04108176409948143,True,-5.158389173841295
all,BRIMMING,descriptive,7,0.2956849923832683,0.05824481735677125,True,-5.158389173841295
all,BRINY,descriptive,1,-0.060974457517979676,0.029111418682743532,False,-5.158389173841295
all,BRISK,descriptive,108,-0.35592791883205516,0.11759438503895542,True,-5.158389173841295
all,BROAD,descriptive,203,0.05989482013905804,0.05267844760551059,True,-5.158389173841295
all,BROODING,descriptive,20,0.06707678885599012,0.09074411730036136,True,-5.158389173841295
all,BUILDS NICELY,descriptive,4,0.07545136050153269,0.08890220034415232,False,-5.158389173841295
all,CARESS,descriptive,211,0.8920629596000713,0.08269234044231372,True,-5.158389173841295
all,CASHMERE,descriptive,10,0.18891412390498621,0.06969574121768661,True,-5.158389173841295
all,CHARACTER,descriptive,2113,-0.29518381861712323,0.035525259551448585,True,-5.158389173841295
all,CHARMING,descriptive,48,0.34670011096256875,0.30410750288911925,False,-5.158389173841295
all,CHISELED,descriptive,15,1.2395093788187275,0.18508769218095797,True,-5.158389173841295
all,CLARITY,descriptive,4,0.312847815513748,0.09842664980906693,True,-5.158389173841295
all,CLASS,descriptive,29,0.5876998200677777,0.16003044945782177,True,-5.158389173841295
all,CLASSIC,descriptive,10,0.5188232166926213,0.1407275960361153,True,-5.158389173841295
all,CLEAN,descriptive,442,-0.6125774055902213,0.1468834063375424,True,-5.158389173841295
all,CLEAR,descriptive,5,0.032979185671202775,0.02418311699944509,False,-5.158389173841295
all,CLOSED,descriptive,11,-0.03265683614604843,0.12066020659794303,False,-5.158389173841295
all,COMPACT,descriptive,50,0.4627669609799209,0.1505786325196851,True,-5.158389173841295
all,COMPELLING,descriptive,1,0.2938570538371899,0.15305809251665403,False,-5.158389173841295
all,COMPLEX,descriptive,83,0.9825423488615068,0.10944908275541626,True,-5.158389173841295
all,CONSISTENT,descriptive,139,0.15092738415846568,0.11430039244166049,False,-5.158389173841295
all,CONTROL,descriptive,6,0.4828094947845464,0.197223344774041,True,-5.158389173841295
all,CRACKLING,descriptive,8,0.37368929363629416,0.1820924484134083,True,-5.158389173841295
all,CRISP,descriptive,125,0.39199291964106436,0.1410975369461971,True,-5.158389173841295
all,CRUNCH,descriptive,34,0.5872529130200241,0.15452142463533367,True,-5.158389173841295
all,CUT,descriptive,280,0.5563459492764085,0.07881767158852629,True,-5.158389173841295
all,DANCE,descriptive,5,0.2829512544547598,0.0883745869077701,True,-5.158389173841295
all,DARK,descriptive,1011,0.16449421106257334,0.07475499002111824,True,-5.158389173841295
all,DASH,descriptive,54,-0.7674426722296009,0.23603404781339096,True,-5.158389173841295
all,DECADENT,descriptive,50,-0.025292027624280122,0.27388567067318564,False,-5.158389173841295
all,DECEPTIVELY,descriptive,1,0.016399196999446246,0.009709389572001173,False,-5.158389173841295
all,DEEP,descriptive,50,1.1806379049909286,0.17359571264070403,True,-5.158389173841295
all,DEFINED,descriptive,173,0.5096530240122906,0.10725783039528727,True,-5.158389173841295
all,DEFT,descriptive,5,0.3275466945150679,0.0826244320300245,True,-5.158389173841295
all,DELICACY,descriptive,2,-0.0950271334513285,0.05497293512928046,False,-5.158389173841295
all,DELICATE,descriptive,149,-0.29914727662455115,0.13443551162920742,True,-5.158389173841295
all,DELICIOUS,descriptive,345,0.1445001796061946,0.0475572637410182,True,-5.158389173841295
all,DELIVERS,descriptive,279,0.19981547577345946,0.07270050741951276,True,-5.158389173841295
all,DEPTH,descriptive,247,0.27394313759672123,0.05274734357666121,True,-5.158389173841295
all,DETAILED,descriptive,11,0.41790652919222154,0.07379657394135013,True,-5.158389173841295
all,DEVELOP,descriptive,47,0.7179354135696352,0.1496583268474577,True,-5.158389173841295
all,DIMENSION,descriptive,7,0.21155209510503903,0.07153245020066754,True,-5.158389173841295
all,DISTINCT,descriptive,50,0.7620097820697473,0.10018537147461067,True,-5.158389173841295
all,DOMINATE,descriptive,6,-0.3004815598961304,0.06048852772432719,True,-5.158389173841295
all,DRAMATIC,descriptive,5,0.05775057318644155,0.21113520954383816,False,-5.158389173841295
all,DRIPPING,descriptive,3,0.11297373741992817,0.05783011330433334,True,-5.158389173841295
all,DRIVE,descriptive,223,0.8901837040201436,0.12099794369300984,True,-5.158389173841295
all,DRY,descriptive,65,-0.41887089038569675,0.2265507045763007,True,-5.158389173841295
all,DYNAMIC,descriptive,3,0.1322452159128121,0.09389712731980135,False,-5.158389173841295
all,ECHO,descriptive,67,0.2730293680511572,0.247328864566182,False,-5.158389173841295
all,ELECTRIC,descriptive,4,0.03303180493859647,0.013285859010750196,True,-5.158389173841295
all,ELEGANT,descriptive,146,0.973290441413116,0.08218743727317417,True,-5.158389173841295
all,EMERGE FULLY,descriptive,4,0.2138993084710835,0.10938621709043561,False,-5.158389173841295
all,ENCORE,descriptive,14,0.43147237833474483,0.1493925570341692,True,-5.158389173841295
all,ENGAGING,descriptive,68,0.8596110014699972,0.22135472210553353,True,-5.158389173841295
all,ENLIVENED,descriptive,18,0.2840217590340439,0.15182218939707243,True,-5.158389173841295
all,ENORMOUS,descriptive,2,0.008144585283603923,0.0038170147091755443,True,-5.158389173841295
all,ENTICING,descriptive,186,0.6035882809876212,0.09074908674286075,True,-5.158389173841295
all,EXCELLENT,descriptive,93,1.5787021443457747,0.16404526319036972,True,-5.158389173841295
all,EXCEPTIONAL,descriptive,3,0.07431913228224189,0.03268037574735955,True,-5.158389173841295
all,EXCITING,descriptive,26,0.9599461041253923,0.12552792404300542,True,-5.158389173841295
all,EXOTIC,descriptive,45,0.4810006655140615,0.2656083425518159,True,-5.158389173841295
all,EXPAND,descriptive,7,0.31465227569084964,0.0934138801647311,True,-5.158389173841295
all,EXPLODE,descriptive,3,0.02935774961954069,0.012895506091507908,True,-5.158389173841295
all,EXPRESSIVE,descriptive,55,0.9182935068491398,0.1332852984748902,True,-5.158389173841295
all,EXTEND,descriptive,22,0.3809811783823991,0.1697814367969537,True,-5.158389173841295
all,EXTRAORDINARY,descriptive,2,0.05234023788714415,0.049116471516989384,False,-5.158389173841295
all,EXTROVERTED,descriptive,5,0.47446269429364896,0.1468630019690707,True,-5.158389173841295
all,EXUBERANT,descriptive,12,-0.53590262928152,0.1519999738927535,True,-5.158389173841295
all,FABULOUS,descriptive,24,0.8431669117242182,0.14218606036514064,True,-5.158389173841295
all,FANTASTIC,descriptive,23,1.0763782844082457,0.16582156577886933,True,-5.158389173841295
all,FASCINATING,descriptive,10,0.28504283682080006,0.059746802146731774,True,-5.158389173841295
all,FAT,descriptive,2,-0.06479331373452782,0.03216975962433071,False,-5.158389173841295
all,FINE,descriptive,215,0.8439091138631887,0.11638075031490983,True,-5.158389173841295
all,FINESSE,descriptive,64,0.6481585244270425,0.1816705560445202,True,-5.158389173841295
all,FIRM,descriptive,559,-0.3750341605874032,0.14987832480425345,True,-5.158389173841295
all,FLAMBOYANT,descriptive,6,0.16876623757355866,0.11687766081509414,False,-5.158389173841295
all,FLASHY,descriptive,55,0.2331641253272808,0.11807564537124003,True,-5.158389173841295
all,FLATTERING,descriptive,126,0.6761181937968737,0.091019223627596,True,-5.158389173841295
all,FLAVORFUL,descriptive,75,0.2814419054367138,0.10652075653429191,True,-5.158389173841295
all,FLAVORS,descriptive,2737,0.43310122277865115,0.04999790440108179,True,-5.158389173841295
all,PERSIST,descriptive,126,0.09777654623232518,0.10826520725968707,False,-5.158389173841295
all,FLESH,descriptive,816,0.30761373081425886,0.07379284140224465,True,-5.158389173841295
all,FLOWING,descriptive,25,0.7892401801449829,0.1063689704794793,True,-5.158389173841295
all,FOCUS,descriptive,90,0.07064363373107362,0.22751972327549605,False,-5.158389173841295
all,FOCUSED,descriptive,527,0.01470453062241752,0.057827835223565924,False,-5.158389173841295
all,FRESH,descriptive,2089,0.09092779353618362,0.07229804480530136,False,-5.158389173841295
all,FULL,descriptive,180,1.0249143624011692,0.09959182624377613,True,-5.158389173841295
all,FUN,descriptive,44,0.47871155755944583,0.12003187687216953,True,-5.158389173841295
all,GAINING,descriptive,5,0.051824761287806484,0.008529532349346667,True,-5.158389173841295
all,GENEROSITY,descriptive,3,-0.10935659037536821,0.038657461210087195,True,-5.158389173841295
all,GENEROUS,descriptive,65,0.49616507419687783,0.10582638927219179,True,-5.158389173841295
all,GENTLE,descriptive,212,-0.09512684323334526,0.1444753688456048,False,-5.158389173841295
all,GLIDE,descriptive,134,0.25473179636848614,0.08678564839018864,True,-5.158389173841295
all,GOOD,descriptive,1724,-0.3412366469595414,0.03844810194033401,True,-5.158389173841295
all,GORGEOUS,descriptive,187,1.142775482690423,0.08800249275662506,True,-5.158389173841295
all,GRACE,descriptive,54,0.971679382743743,0.038844043010921585,True,-5.158389173841295
all,GRIP,descriptive,622,0.6174506484624465,0.09338585695541528,True,-5.158389173841295
all,GUSH,descriptive,9,0.37052759674027164,0.1525547386455091,True,-5.158389173841295
all,HANG,descriptive,98,0.3051464623593366,0.13122886992118185,True,-5.158389173841295
all,HARMONY,descriptive,60,0.47216046690554475,0.0790687944806624,True,-5.158389173841295
all,HEADY,descriptive,16,0.28178644441880474,0.1530081182129707,False,-5.158389173841295
all,HEAT,descriptive,24,-0.5521803368097565,0.19745996076432193,True,-5.158389173841295
all,HIGH-TONED,descriptive,57,-0.11875913762157611,0.2877578878555222,False,-5.158389173841295
all,HONEST,descriptive,107,0.3384838942837139,0.21463981686965966,True,-5.158389173841295
all,IMMENSE,descriptive,2,0.005544757178042073,0.0022961335460926556,True,-5.158389173841295
all,IMPRESSES,descriptive,163,0.9823719648650642,0.055873236334258794,True,-5.158389173841295
all,INCENSE,descriptive,139,0.5353267860735432,0.2034648982266722,True,-5.158389173841295
all,INCREDIBLE,descriptive,7,0.3517494905456027,0.09624846000766099,True,-5.158389173841295
all,INCREDIBLY,descriptive,15,0.345495436613951,0.06708668514190018,True,-5.158389173841295
all,INTEGRATE,descriptive,223,-0.02842094804635453,0.08600923505434034,False,-5.158389173841295
all,INTEGRATION,descriptive,18,-0.1612952391785786,0.12699844443503466,False,-5.158389173841295
all,INTENSITY,descriptive,36,0.13632969591951516,0.16295657584823203,False,-5.158389173841295
all,INTERNATIONAL-STYLE,descriptive,2,-0.02669110736010348,0.024984950132194247,False,-5.158389173841295
all,INTRIGUING,descriptive,11,0.7422928898118064,0.16524152827483782,True,-5.158389173841295
all,INVITING,descriptive,117,0.7911371198974552,0.10905712790616726,True,-5.158389173841295
all,JAW-DROPPING,descriptive,2,0.08342779574512912,0.04114744502342144,True,-5.158389173841295
all,JAZZY,descriptive,1,0.08517843546173692,0.0443277774921352,False,-5.158389173841295
all,JOY,descriptive,9,0.13140772849751603,0.18869581800164642,False,-5.158389173841295
all,JUDICIOUS,descriptive,48,0.45333323400198544,0.1740864204399882,True,-5.158389173841295
all,JUICINESS,descriptive,685,0.6593810914089907,0.03837723688745051,True,-5.158389173841295
all,KNOCKOUT,descriptive,1,0.10127793359516139,0.05405567556002161,False,-5.158389173841295
all,LACED,descriptive,586,-0.041547335208019606,0.05731574172636476,False,-5.158389173841295
all,LADEN,descriptive,13,0.10972399564998951,0.16907360238194363,False,-5.158389173841295
all,LARGE-SCALE,descriptive,5,0.05470839580648174,0.023096718737387327,True,-5.158389173841295
all,LATENT,descriptive,58,1.2585320232302064,0.2614591120113515,True,-5.158389173841295
all,LAVISH,descriptive,3,0.24013038759293925,0.09816707221167292,True,-5.158389173841295
all,LAYER,descriptive,202,0.030798401178824437,0.12331050222322477,False,-5.158389173841295
all,LENGTH,descriptive,347,1.0064793079816203,0.07965434848346704,True,-5.158389173841295
all,LIFT,descriptive,51,0.42538165433175096,0.14771790780627486,True,-5.158389173841295
all,LIGHTWEIGHT,descriptive,1,0.04197250922380423,0.022214612085844274,False,-5.158389173841295
all,LILTING,descriptive,12,-0.1823462098691597,0.1079741145231949,False,-5.158389173841295
all,LINEAR,descriptive,4,0.04996485814028907,0.017568543251670593,True,-5.158389173841295
all,LINGER,descriptive,346,0.13060663637303987,0.059495003488931185,True,-5.158389173841295
all,LITHE,descriptive,4,0.04095392548947194,0.09261647918307571,False,-5.158389173841295
all,LIVE-WIRE,descriptive,2,0.26476282406966817,0.13260957968509632,True,-5.158389173841295
all,LIVELY,descriptive,479,0.6063195415134108,0.10094531836502006,True,-5.158389173841295
all,POWER,descriptive,200,1.057666769583237,0.05679910401075413,True,-5.158389173841295
all,LONG,descriptive,1476,1.4118061733977476,0.038695992580483715,True,-5.158389173841295
all,LOVELY,descriptive,609,1.4756720683881481,0.09404492359109538,True,-5.158389173841295
all,LURK,descriptive,4,0.2908622030826336,0.10191946508387287,True,-5.158389173841295
all,LUSCIOUS,descriptive,12,0.685204700523387,0.11700233212128117,True,-5.158389173841295
all,LUSH,descriptive,232,0.8858116173186495,0.10708651247812752,True,-5.158389173841295
all,LUXURIOUS,descriptive,1,0.006618671491110438,0.0034528350854304414,False,-5.158389173841295
all,MAGNIFICENT,descriptive,1,0.014537931190093738,0.011298430346683283,False,-5.158389173841295
all,MARVELOUS,descriptive,1,0.0062672289769271534,0.0031182101244035284,False,-5.158389173841295
all,MASSIVE,descriptive,10,0.552645391973248,0.19839740224159969,True,-5.158389173841295
all,MATURING,descriptive,7,-0.08074646851915378,0.05674179270939383,False,-5.158389173841295
all,MATURITY,descriptive,10,0.8008481174663881,0.183138469597352,True,-5.158389173841295
all,MEDIUM SWEET,descriptive,51,-0.27766210719500706,0.10030267331311687,True,-5.158389173841295
all,MELD,descriptive,19,0.003619326143615906,0.14169866019903296,False,-5.158389173841295
all,MIND-BLOWING,descriptive,1,0.0072818239534201195,0.003367661303237887,False,-5.158389173841295
all,MODERN,descriptive,106,0.4126578499345164,0.09402117877619551,True,-5.158389173841295
all,MODEST,descriptive,576,-0.4791333216918302,0.06856826377277456,True,-5.158389173841295
all,MONOLITHIC,descriptive,1,0.036621505733617055,0.021247867279460927,False,-5.158389173841295
all,MOUTHFEEL,descriptive,98,0.4212432439712635,0.16119027938056324,True,-5.158389173841295
all,MOUTHFUL,descriptive,2,0.15137817095879216,0.06462889166021572,True,-5.158389173841295
all,MOUTHWATERING,descriptive,201,1.0089521620962842,0.08953758640450175,True,-5.158389173841295
all,MUSCLE,descriptive,158,0.6223525448997256,0.10412749172761329,True,-5.158389173841295
all,MUSKY,descriptive,1,-0.048134159113592076,0.025902933353680605,False,-5.158389173841295
all,MUTED,descriptive,3,0.04901410510260329,0.03344590799545146,False,-5.158389173841295
all,NEEDS TIME,descriptive,105,0.6256293541300171,0.09904471387864412,True,-5.158389173841295
all,NERVY,descriptive,6,0.4360775176064265,0.1808592972137116,True,-5.158389173841295
all,NICE,descriptive,1072,0.2965215301825556,0.06451347075556556,True,-5.158389173841295
all,NOT SHOWY,descriptive,3,-0.0757387802565698,0.04334725505003859,True,-5.158389173841295
all,NUANCE,descriptive,12,-0.03007478835945052,0.18387166749587025,False,-5.158389173841295
all,OILY,descriptive,20,-0.37103680331646627,0.3129744922799165,False,-5.158389173841295
all,OLD-FASHIONED,descriptive,49,0.8378225022308072,0.1828543396124094,True,-5.158389173841295
all,OPEN,descriptive,322,-0.5493719476991576,0.17922925520409907,True,-5.158389173841295
all,OPULENT,descriptive,28,0.7732551858080458,0.14574688297310065,True,-5.158389173841295
all,OUTSTANDING,descriptive,72,0.23120132902138277,0.08340667524690212,True,-5.158389173841295
all,PACKED,descriptive,62,0.4631146502009604,0.1507971354431213,True,-5.158389173841295
all,PERFECTLY,descriptive,15,0.5050833126392784,0.1442174678853274,True,-5.158389173841295
all,PERFUMED,descriptive,67,0.5403938049735747,0.20515663032145884,True,-5.158389173841295
all,PERFUMY,descriptive,109,0.23088577246268965,0.07053524747105389,True,-5.158389173841295
all,PERSONALITY,descriptive,4,-0.16894224033464564,0.051187539386966185,True,-5.158389173841295
all,PHENOMENAL,descriptive,1,0.006875269522444891,0.003605172932838023,False,-5.158389173841295
all,PIERCING,descriptive,19,0.1812887195340574,0.36291414270810146,False,-5.158389173841295
all,PLEASANT,descriptive,275,-0.30166557056806914,0.16299716254198932,True,-5.158389173841295
all,PLEASING,descriptive,52,-0.210458733757805,0.1412860341311937,False,-5.158389173841295
all,PLUMP,descriptive,199,0.015434473088684666,0.061399825736314785,False,-5.158389173841295
all,PLUSH,descriptive,127,0.7406668874107515,0.11271560733802458,True,-5.158389173841295
all,POISED,descriptive,6,-0.1939665731684794,0.16537881768283794,False,-5.158389173841295
all,POLISH,descriptive,512,0.6633865385651166,0.10800947157307812,True,-5.158389173841295
all,POTENTIAL,descriptive,12,0.45845233720036777,0.1220159572325665,True,-5.158389173841295
all,PRECISION,descriptive,21,0.08592010673380458,0.1859472807117993,False,-5.158389173841295
all,PRETTY,descriptive,759,0.340542671044851,0.06126004279676012,True,-5.158389173841295
all,PRIMAL,descriptive,17,0.5344362853855988,0.28655712277275963,False,-5.158389173841295
all,PROPORTION,descriptive,1,-0.2682691322947849,0.13863181227896154,False,-5.158389173841295
all,PUNGENT,descriptive,1,-0.13965571790480083,0.07188462599139119,False,-5.158389173841295
all,PURE,descriptive,599,0.6525115271036369,0.04583577499857404,True,-5.158389173841295
all,QUALITY,descriptive,65,0.24521417324238387,0.17798946666200993,False,-5.158389173841295
all,YOUNG,descriptive,116,0.9824765671597698,0.15165291903171238,True,-5.158389173841295
all,RACY,descriptive,508,0.9009494012553659,0.055569975401784724,True,-5.158389173841295
all,RANGE,descriptive,1678,2.0921037450124293,0.0757690599979412,True,-5.158389173841295
all,RAPIERLIKE,descriptive,1,0.00944425051059738,0.00627307656964004,False,-5.158389173841295
all,RARE,descriptive,5,0.11393033491455071,0.048285522919384476,True,-5.158389173841295
all,REFINED,descriptive,394,0.7770745300603701,0.08936429358069413,True,-5.158389173841295
all,REFRESHING,descriptive,35,0.33166922286846107,0.17404027537847105,True,-5.158389173841295
all,RELIANT,descriptive,7,-0.3848276534888109,0.11847696655552489,True,-5.158389173841295
all,RELISH,descriptive,1,0.052114155272146,0.02732521471497916,False,-5.158389173841295
all,VIBRANT,descriptive,88,1.2384499059792387,0.12272022442735252,True,-5.158389173841295
all,REMARKABLE,descriptive,31,0.5586071383237277,0.095058102445744,True,-5.158389173841295
all,RESERVED,descriptive,40,0.6977269749368802,0.057782050277862186,True,-5.158389173841295
all,RESTRAINT,descriptive,51,0.6523555515372553,0.10511675019353209,True,-5.158389173841295
all,REVERBERATES,descriptive,1,0.2484859938820549,0.12173918691104738,False,-5.158389173841295
all,RICH,descriptive,496,1.080459856532717,0.056446026133794194,True,-5.158389173841295
all,RIGHT PROPORTION,descriptive,1,0.01436481449945963,0.008412152822573455,False,-5.158389173841295
all,RIPE,descriptive,1177,0.14603319038160256,0.08225260291289432,True,-5.158389173841295
all,RIVETING,descriptive,11,0.22979187685682928,0.060021793732428316,True,-5.158389173841295
all,ROBUST,descriptive,7,-0.07997126972945012,0.1284038697803987,False,-5.158389173841295
all,ROCK SOLID,descriptive,1,0.015646980761840262,0.00951654283776622,False,-5.158389173841295
all,SANGUINE,descriptive,276,0.4721599546134672,0.07853370415792861,True,-5.158389173841295
all,SAVORY,descriptive,696,0.24785828481894814,0.09852276763256992,True,-5.158389173841295
all,SEAMLESS,descriptive,82,0.46214255642732077,0.1643900563495413,True,-5.158389173841295
all,SEDUCTIVE,descriptive,37,1.3527462071574075,0.08697250067959299,True,-5.158389173841295
all,STYLE,descriptive,1124,0.05921757418022887,0.0362800551143252,True,-5.158389173841295
all,SERIOUS,descriptive,133,1.613880637653744,0.12643793108083579,True,-5.158389173841295
all,SILKY,descriptive,518,0.8249107744250386,0.07361171000456636,True,-5.158389173841295
all,SINEW,descriptive,55,0.309956182351305,0.2609787699793818,False,-5.158389173841295
all,SLEEK,descriptive,266,0.9000352433966663,0.08657929933899772,True,-5.158389173841295
all,SLIM,descriptive,1,0.15122197865548778,0.07774215011365833,False,-5.158389173841295
all,SMOOTH,descriptive,15,0.3532297317251734,0.10941279027308205,True,-5.158389173841295
all,SNAPPY,descriptive,9,-0.09552306188105669,0.13685073753817878,False,-5.158389173841295
all,SOFT,descriptive,752,-0.5429350507041688,0.11204982949806513,True,-5.158389173841295
all,SOPHISTICATION,descriptive,2,0.18103268407178905,0.05855523602041912,True,-5.158389173841295
all,SOUR,descriptive,12,0.011359672231632657,0.16467698027971625,False,-5.158389173841295
all,STEAM,descriptive,10,-0.3265194347994816,0.23685746299258995,True,-5.158389173841295
all,STEELY,descriptive,19,-0.04404063298055758,0.14105802243798457,False,-5.158389173841295
all,STRENGTH,descriptive,135,0.40889109400827217,0.09111326243057247,True,-5.158389173841295
all,STRETCHING,descriptive,28,1.0151554627711201,0.24034521142346862,True,-5.158389173841295
all,STUNNING,descriptive,37,0.5636616015825916,0.13628936756231705,True,-5.158389173841295
all,SUAVE,descriptive,69,1.224909589124503,0.16272858157989717,True,-5.158389173841295
all,SUBDUED,descriptive,4,0.6093385372282951,0.23362142809970923,True,-5.158389173841295
all,SUBTLE,descriptive,404,0.4876569790413922,0.08504498481682111,True,-5.158389173841295
all,SUCCESS,descriptive,4,0.3544669133541978,0.1548188996161108,True,-5.158389173841295
all,SUCCULENT,descriptive,59,0.7944050015549767,0.08936365772978994,True,-5.158389173841295
all,SUPER,descriptive,41,1.19031941011505,0.21634599161303752,True,-5.158389173841295
all,SUPERB,descriptive,19,0.686510927816246,0.0896214459092792,True,-5.158389173841295
all,SUPERCLEAN,descriptive,4,0.1844951607672966,0.09367365915796097,False,-5.158389173841295
all,SUPERFINE,descriptive,1,0.0026278482490127886,0.001221400230800643,False,-5.158389173841295
all,SUPERIOR,descriptive,5,0.1188964018488619,0.05352170848634576,True,-5.158389173841295
all,SUPERPOLISHED,descriptive,2,0.07472367303145133,0.025383304683607784,True,-5.158389173841295
all,SUPERRICH,descriptive,2,0.07844368749276799,0.03514217863879977,True,-5.158389173841295
all,SUPERSILKY,descriptive,30,0.2622625845198193,0.1922525202504182,True,-5.158389173841295
all,SUPPLE,descriptive,192,0.16504183409816803,0.0694833744029197,True,-5.158389173841295
all,SUPPORT,descriptive,35,0.25649538896345353,0.08004187036163914,True,-5.158389173841295
all,SURPRISINGLY,descriptive,6,0.14227285263000655,0.02509838506876548,True,-5.158389173841295
all,SWEET,descriptive,787,0.44296958429545674,0.0850424611896741,True,-5.158389173841295
all,TANGY,descriptive,290,0.03435714631319782,0.1066983723693129,False,-5.158389173841295
all,TANTALIZING,descriptive,2,0.08230699094164175,0.04446790596547365,False,-5.158389173841295
all,TASTY,descriptive,114,0.07740641362382682,0.11911708199084271,False,-5.158389173841295
all,TAUT,descriptive,295,-0.0812427180335606,0.14812886237086284,False,-5.158389173841295
all,TEMPTING,descriptive,4,-0.04970966138075901,0.04422168970024644,False,-5.158389173841295
all,TENSION,descriptive,31,1.0073279618117004,0.14951728035840683,True,-5.158389173841295
all,TERRIFIC,descriptive,53,1.0453234972586511,0.16175414267457128,True,-5.158389173841295
all,TEXTURE,descriptive,295,0.1367592219900486,0.05539501957282615,True,-5.158389173841295
all,THICK,descriptive,128,-0.30991461041623103,0.13164856807083739,True,-5.158389173841295
all,TIGHT,descriptive,227,0.37276057929893874,0.11996936952670074,True,-5.158389173841295
all,TOP-NOTCH,descriptive,1,0.006918409819433523,0.003527241647815969,False,-5.158389173841295
all,TRADITIONAL,descriptive,13,0.15232550395939237,0.05850879863269868,True,-5.158389173841295
all,TREMENDOUS,descriptive,3,0.3993303003352574,0.11082971112723233,True,-5.158389173841295
all,TROPICAL,descriptive,63,0.8375985543677369,0.29365496417094056,True,-5.158389173841295
all,ULTRACLEAN,descriptive,1,0.10408258128853597,0.05185110407010953,False,-5.158389173841295
all,ULTRAREFINED,descriptive,2,0.05520983355362344,0.030548800972565446,False,-5.158389173841295
all,ULTRARICH,descriptive,3,-0.13020720121991936,0.07553293877567333,False,-5.158389173841295
all,ULTRARIPE,descriptive,2,0.13922378106684224,0.05343708413914257,True,-5.158389173841295
all,ULTRAVELVETY,descriptive,1,0.015176475363669848,0.008666066612846766,False,-5.158389173841295
all,UNDERRATED,descriptive,3,0.11335133525949337,0.054429214373244224,True,-5.158389173841295
all,UNDERSTATED,descriptive,11,-0.1193945251477916,0.183284050699121,False,-5.158389173841295
all,VALUE,descriptive,27,0.768755131613036,0.1440480101620857,True,-5.158389173841295
all,VELVET,descriptive,673,0.7907731472409852,0.10205564933138991,True,-5.158389173841295
all,VERVE,descriptive,2,0.18802239360959655,0.06915659390071699,True,-5.158389173841295
all,VIVID,descriptive,46,1.00882244169653,0.20670407971356383,True,-5.158389173841295
all,VOLUPTUOUS,descriptive,8,0.17802415141205852,0.020080630037757893,True,-5.158389173841295
all,WARM,descriptive,694,0.4136863751061072,0.04838086972167195,True,-5.158389173841295
all,WAXY,descriptive,39,-0.22319204823122227,0.2453643321027941,False,-5.158389173841295
all,WELCOMING,descriptive,2,0.15596880026082502,0.07267655468480348,True,-5.158389173841295
all,WELL DONE,descriptive,140,0.3502918616919097,0.07189200610910805,True,-5.158389173841295
all,WELL PUT TOGETHER,descriptive,1,0.1643980356222215,0.08174871836932082,False,-5.158389173841295
all,WELL-CRAFTED,descriptive,37,0.30873238387156005,0.07022706420273733,True,-5.158389173841295
all,WELL-DONE,descriptive,29,0.6450949357812439,0.32730180016418486,True,-5.158389173841295
all,WELL-ENDOWED,descriptive,9,0.33042231422090773,0.06256590826734593,True,-5.158389173841295
all,WELL-GROUNDED,descriptive,1,0.0133471373750874,0.007796664745158723,False,-5.158389173841295
all,WELL-MESHED,descriptive,1,0.0014375466850255264,0.0006534364686991729,False,-5.158389173841295
all,WELL-SCULPTED,descriptive,2,-0.01946384745178418,0.1790065380611397,False,-5.158389173841295
all,WILD,descriptive,31,0.7476199493070794,0.1463817853156193,True,-5.158389173841295
all,WINNER,descriptive,6,0.16818727749664933,0.04752595978852936,True,-5.158389173841295
all,WONDERFUL,descriptive,151,0.9139483733179676,0.09697582849564396,True,-5.158389173841295
all,WORTHY,descriptive,2,0.22934014065241026,0.10227810731589186,True,-5.158389173841295
all,YUM,descriptive,1,0.05386612963223816,0.025694182789034462,False,-5.158389173841295
all,ZEST,descriptive,128,0.04749359685177792,0.0966699139836426,False,-5.158389173841295
all,ZINGY,descriptive,5,0.05527286118034328,0.03410078300603992,True,-5.158389173841295
all,BACON,meat,12,0.31539247240138774,0.18876579577889757,False,-5.158389173841295
all,BEEF,meat,20,-0.3043159557989098,0.09141748024422884,True,-5.158389173841295
all,CHARRED MEAT,meat,1,-0.020133081421493972,0.010190860051410369,False,-5.158389173841295
all,GAME,meat,37,-0.1178258677483593,0.17592104806248626,False,-5.158389173841295
all,GRILLED MEAT,meat,16,0.08094590523973721,0.07427499310127983,False,-5.158389173841295
all,MEAT,meat,150,0.4052059830661253,0.11776370110005924,True,-5.158389173841295
all,OYSTER SHELL,meat,2,0.2725478581165259,0.12149896190062928,True,-5.158389173841295
all,BALSAMIC,herbs,4,-0.13626915411867005,0.041483923690347736,True,-5.158389173841295
all,BARLEY,herbs,10,-0.45401857781154636,0.11790061736816324,True,-5.158389173841295
all,BASIL,herbs,17,-0.08583426539374502,0.1955087705834613,False,-5.158389173841295
all,BAY LEAF,herbs,8,0.534157561704282,0.17383417862474884,True,-5.158389173841295
all,BRAMBLE,herbs,158,0.7826736484716396,0.11651558879888334,True,-5.158389173841295
all,CARDAMOM,herbs,3,0.2020537920899033,0.07148351004433733,True,-5.158389173841295
all,GRASS,herbs,10,0.14363325139775263,0.163640107978652,False,-5.158389173841295
all,EUCALYPTUS,herbs,4,-0.09468638810870603,0.05141426344663573,False,-5.158389173841295
all,GRAIN,herbs,3,0.09512922450179034,0.09708587751368375,False,-5.158389173841295
all,HERBS,herbs,790,-0.6573743464866251,0.08742375885385768,True,-5.158389173841295
all,MINT,herbs,84,0.048479662651264,0.10337888323480247,False,-5.158389173841295
all,MESQUITE,herbs,197,0.791676408877194,0.043570599235556985,True,-5.158389173841295
all,SAGE,herbs,32,0.5603599161683144,0.16427835504080313,True,-5.158389173841295
all,PEPPERMINT,herbs,1,0.24062038322810864,0.12347779904136502,False,-5.158389173841295
all,SASSAFRAS,herbs,1,-0.03422853219912187,0.017942204048375602,False,-5.158389173841295
all,SHISO,herbs,14,-0.25574678091923553,0.23522094817469172,False,-5.158389173841295
all,ASPARAGUS,vegetal,55,0.29870278943783674,0.10547735944736339,True,-5.158389173841295
all,BLACK OLIVE,vegetal,29,0.5022280432992734,0.20636183390391835,True,-5.158389173841295
all,DARK TAPENADE,vegetal,1,0.015978873052599357,0.009951941426518368,False,-5.158389173841295
all,GREEN BEANS,vegetal,1,-0.025750010595580262,0.012683615568889087,False,-5.158389173841295
all,GREEN OLIVE,vegetal,17,0.2869235401283041,0.31575770854843094,False,-5.158389173841295
all,OLIVE,vegetal,67,-0.0009005340577538943,0.1574632525799684,False,-5.158389173841295
all,BLACK TEA,tea_tobacco,416,0.8882436131164426,0.05031393281418214,True,-5.158389173841295
all,DARK TOBACCO,tea_tobacco,5,0.5150612202402004,0.11169059107014837,True,-5.158389173841295
all,FRESH TOBACCO,tea_tobacco,2,0.18514878322108233,0.10328002603691788,False,-5.158389173841295
all,GREEN TEA,tea_tobacco,21,0.584267861070682,0.15340368876514107,True,-5.158389173841295
all,HAY/STRAW,tea_tobacco,232,0.0462951725615573,0.046408557754814644,False,-5.158389173841295
all,LAPSANG SOUCHONG TEA,tea_tobacco,14,0.4304926168964698,0.07423097790827833,True,-5.158389173841295
all,MADURO TOBACCO,tea_tobacco,60,0.8527986091540377,0.21917391552205875,True,-5.158389173841295
all,SWEET TOBACCO,tea_tobacco,2,-0.011545896018545897,0.005216689945972842,True,-5.158389173841295
all,TEA,tea_tobacco,203,0.7412465546888611,0.05666088562965888,True,-5.158389173841295
all,TOBACCO,tea_tobacco,2564,0.41462155666410944,0.050887818047085434,True,-5.158389173841295
all,ALMOND,nuts,265,1.064473751169756,0.06972758888921798,True,-5.158389173841295
all,BRAZIL NUT,nuts,1,-0.006156121664369511,0.004765732086493271,False,-5.158389173841295
all,CHESTNUT,nuts,42,-0.49171482924643417,0.24783782063436124,True,-5.158389173841295
all,GREEN ALMOND,nuts,1,0.02292617236137983,0.012514025266662555,False,-5.158389173841295
all,HAZELNUT,nuts,28,1.0387411388405252,0.10798862087961957,True,-5.158389173841295
all,MACADAMIA NUT,nuts,71,1.1956127279447684,0.15234954951107266,True,-5.158389173841295
all,NUT,nuts,12,0.20515955852856957,0.1203233067702647,False,-5.158389173841295
all,WALNUT,nuts,2,0.2654502439393426,0.13538386308188866,False,-5.158389173841295
all,BEESWAX,sweet,6,0.02303006626252001,0.20307603706558391,False,-5.158389173841295
all,CHOCOLATE,sweet,850,0.32115671145448377,0.06868404287796301,True,-5.158389173841295
all,COCOA,sweet,441,0.44380881311822873,0.06399983972690833,True,-5.158389173841295
all,GANACHE,sweet,394,0.6297852875758907,0.0628525154828133,True,-5.158389173841295
all,BUTTER,sweet,131,0.5922673999185627,0.1439420238176963,True,-5.158389173841295
all,BUTTERSCOTCH,sweet,10,0.21621958205561426,0.12767896851776053,False,-5.158389173841295
all,CARAMEL,sweet,37,0.5409127485609844,0.1491760821872977,True,-5.158389173841295
all,HONEY,sweet,286,0.5282667387193183,0.13751430920303825,True,-5.158389173841295
all,DARK CHOCOLATE,sweet,1,-0.16939521685400022,0.08300543402836133,False,-5.158389173841295
all,ESPRESSO,sweet,275,0.5780206626221231,0.044434239185961566,True,-5.158389173841295
all,HOISIN,sweet,5,0.4193743413104312,0.10734748676751514,True,-5.158389173841295
all,LINZER TORTE,sweet,146,1.1619891567421643,0.12286966271329318,True,-5.158389173841295
all,MAPLE SYRUP,sweet,8,0.24673881307919748,0.145446530982333,False,-5.158389173841295
all,MARSHMALLOW,sweet,2,0.1607003656277345,0.08402537981765285,True,-5.158389173841295
all,MARZIPAN,sweet,24,0.3073518354283645,0.17053262052796597,True,-5.158389173841295
all,MERINGUE,sweet,44,0.9569916536223364,0.15470313769663147,True,-5.158389173841295
all,MOCHA,sweet,204,0.14167159514674807,0.07092446756299405,True,-5.158389173841295
all,PANCAKES,sweet,1,0.09908216020776796,0.05193594190022237,False,-5.158389173841295
all,PASTRY,sweet,2,0.040295764201384615,0.08819188208206047,False,-5.158389173841295
all,PIE,sweet,97,-0.04589557956848293,0.14372847541643774,False,-5.158389173841295
all,PIECRUST,sweet,61,0.284943874180332,0.1930499150855189,True,-5.158389173841295
all,SYRUP,sweet,11,0.4967673370646628,0.02724046993647831,True,-5.158389173841295
all,TART,sweet,109,0.08157159206713122,0.09129089118468545,False,-5.158389173841295
all,TOFFEE,sweet,23,0.6510521168899356,0.11535147677559048,True,-5.158389173841295
all,TURKISH COFFEE,sweet,13,0.033314642117612904,0.19390084231325003,False,-5.158389173841295
all,ALDER,oak,340,0.8029788379017208,0.07333551621327947,True,-5.158389173841295
all,CEDAR,oak,792,0.3097641106977355,0.08787479629330844,True,-5.158389173841295
all,OAK,oak,439,0.3990499207725738,0.12409089605473139,True,-5.158389173841295
all,VANILLA,oak,1254,0.4068232206963132,0.04415874245474561,True,-5.158389173841295
all,MAHOGANY,oak,10,-0.1810475499014294,0.13263755295071594,True,-5.158389173841295
all,SANDALWOOD,oak,216,0.07844027455490843,0.08531723516507118,False,-5.158389173841295
all,WOOD,oak,740,0.29518249079808806,0.052687722635033706,True,-5.158389173841295
all,QUININE,medicinal,126,1.223311785041202,0.1801257278171384,True,-5.158389173841295
all,TALCUM,medicinal,4,-0.01903972748446623,0.048854018717646705,False,-5.158389173841295
all,COFFEE,roasted,528,0.09200408464739024,0.07670566129237014,True,-5.158389173841295
all,CAPPUCCINO,roasted,17,0.9079833812767638,0.2539839903986231,True,-5.158389173841295
all,CHARCOAL,roasted,507,0.8981006342482003,0.059442588717220246,True,-5.158389173841295
all,CIGAR,roasted,38,0.27199946357788796,0.08156571904203898,True,-5.158389173841295
all,COLA,roasted,26,0.12072318101995307,0.13770918513224573,False,-5.158389173841295
all,TOASTY,roasted,4,0.17154211739449376,0.10510752324228424,False,-5.158389173841295
all,TOASTY OAK,roasted,2,-0.050428419171636485,0.07951052730983331,False,-5.158389173841295
all,LIQUEUR,roasted,3,-0.16412328611175303,0.05736844487876103,True,-5.158389173841295
all,ROASTED,roasted,679,0.0917580367183242,0.05744905458346299,True,-5.158389173841295
all,SMOKE,roasted,388,0.10905336709670498,0.043812634217776654,True,-5.158389173841295
all,TOAST,roasted,1164,0.1963157513649437,0.07526133522852319,True,-5.158389173841295
all,TOASTY WOOD,roasted,2,0.06153251818532291,0.030286273265438944,False,-5.158389173841295
all,ASPHALT,earth,4,0.07515068966967661,0.024498783140021983,True,-5.158389173841295
all,TRUFFLE,earth,10,0.5861367695011159,0.16408014377521227,True,-5.158389173841295
all,BRICK,earth,2,-0.20060028929475243,0.09510236117080627,True,-5.158389173841295
all,CHALK,earth,460,0.7721760625561257,0.08253411749245414,True,-5.158389173841295
all,LOAM,earth,203,0.5566489994455452,0.040177298803111654,True,-5.158389173841295
all,EARTHY,earth,538,0.2994746420448717,0.015394285496353086,True,-5.158389173841295
all,CRUSHED ROCK,earth,66,-0.05487472288254138,0.19770272248468607,False,-5.158389173841295
all,DRIED MUSHROOM,earth,5,0.21809882988540732,0.09439250808509932,True,-5.158389173841295
all,DUSTY,earth,95,-0.18804610491495174,0.15194620960453323,True,-5.158389173841295
all,IRON,earth,658,0.6680641673676404,0.053164133326379315,True,-5.158389173841295
all,FLINT,earth,12,0.4177336206920272,0.1681368422076881,True,-5.158389173841295
all,PENCIL LEAD,earth,449,1.037987808629392,0.03793227039632266,True,-5.158389173841295
all,HUMUS,earth,26,0.8020528892076497,0.14099343571242565,True,-5.158389173841295
all,MINERAL,earth,1049,0.5091549001048011,0.05250970661828787,True,-5.158389173841295
all,MUSHROOM,earth,62,0.2435486390130062,0.17478744029780502,True,-5.158389173841295
all,PEBBLE,earth,26,0.5039039843920126,0.23068777146829236,True,-5.158389173841295
all,SALINE,earth,6,0.5361917055011656,0.2804726667809095,True,-5.158389173841295
all,SLATE,earth,6,0.2873382018251223,0.13785732842786047,True,-5.158389173841295
all,STEEL,earth,1,0.0021993528039316113,0.0011831609088844214,False,-5.158389173841295
all,STONE,earth,198,0.0775551790033676,0.050709374338258985,True,-5.158389173841295
all,PLASTIC,chemical,1,0.05567456472043679,0.027981281388853543,False,-5.158389173841295
all,TAR,chemical,570,0.502576303406829,0.06278675777889625,True,-5.158389173841295
all,BURN,chemical,4,0.3815336232123927,0.14820619995862047,True,-5.158389173841295
all,BURNT MATCH,chemical,5,-0.07729486941223793,0.15817294386371075,False,-5.158389173841295
all,RUBBERY,chemical,1,-0.06460580709793654,0.03486621976495115,False,-5.158389173841295
all,ALCOHOL,chemical,2,0.19854269972593389,0.09811841116747091,False,-5.158389173841295
all,MENTHOL,chemical,33,0.6515319235413424,0.18922669268638037,True,-5.158389173841295
sensory,BLOOD ORANGE,citrus,140,0.40212875184834884,0.10601219233036005,True,-3.1076887910734508
sensory,CITRUS,citrus,183,0.46391238624977815,0.0881513975130921,True,-3.1076887910734508
sensory,CLEMENTINE,citrus,26,1.0195636524393012,0.20707406733098602,True,-3.1076887910734508
sensory,LIME,citrus,167,0.8347926019318225,0.11439784119513685,True,-3.1076887910734508
sensory,GRAPEFRUIT,citrus,133,0.5778987696004766,0.1180041074673686,True,-3.1076887910734508
sensory,ORANGE,citrus,159,0.8065338339704602,0.1375844024324159,True,-3.1076887910734508
sensory,KEY LIME,citrus,8,0.32046142747480844,0.18035493274539516,True,-3.1076887910734508
sensory,LEMON,citrus,825,0.5248308102059087,0.07605477064423849,True,-3.1076887910734508
sensory,LEMON PEEL,citrus,9,0.4452609359958362,0.23665034145544012,False,-3.1076887910734508
sensory,LEMON ZEST,citrus,2,0.18938687789395992,0.11966309096062692,False,-3.1076887910734508
sensory,MARMALADE,citrus,11,0.699559355457095,0.2167329002525392,True,-3.1076887910734508
sensory,ORANGE CREAM,citrus,1,-0.1626046257132509,0.07828201706084763,False,-3.1076887910734508
sensory,TANGERINE,citrus,106,0.949229826546651,0.06957755198977568,True,-3.1076887910734508
sensory,BERRY,berry,1753,0.3660610987262996,0.049039948208391956,True,-3.1076887910734508
sensory,BLACK CURRANT,berry,1427,1.0191504631899264,0.026936558081243928,True,-3.1076887910734508
sensory,BLACK RASPBERRY,berry,1,-0.14477527435601378,0.06885718951197889,False,-3.1076887910734508
sensory,BLACKBERRY,berry,3228,0.7770378343735623,0.02399989406341441,True,-3.1076887910734508
sensory,BLUEBERRY,berry,368,0.9403806415258553,0.07939952985742586,True,-3.1076887910734508
sensory,BOYSENBERRY,berry,435,1.3357205034053863,0.07840799156780821,True,-3.1076887910734508
sensory,CRANBERRY,berry,17,-0.19896345159921344,0.03046193950453784,True,-3.1076887910734508
sensory,RASPBERRY,berry,1275,0.8426627900755037,0.005754228991427509,True,-3.1076887910734508
sensory,CURRANT,berry,1885,0.5306572518343174,0.024997608416827268,True,-3.1076887910734508
sensory,DARK BERRY,berry,1,-0.19334558972411456,0.08970399773624356,False,-3.1076887910734508
sensory,GOOSEBERRY,berry,90,0.2904367624422589,0.11304101840647997,True,-3.1076887910734508
sensory,LOGANBERRY,berry,99,0.5739001442347159,0.14076438707061217,True,-3.1076887910734508
sensory,MULBERRY,berry,8,0.873668356105616,0.1204111989699508,True,-3.1076887910734508
sensory,STRAWBERRY,berry,117,-0.2903795376395672,0.2292208833183304,True,-3.1076887910734508
sensory,BLACK FRUIT,fruit_general,47,0.06470995473207317,0.27412734849574916,False,-3.1076887910734508
sensory,DARK FRUIT,fruit_general,35,0.2684748631694223,0.2523738440410758,True,-3.1076887910734508
sensory,EXOTIC FRUIT,fruit_general,10,0.6974579816116094,0.22559447170878585,True,-3.1076887910734508
sensory,FRUIT,fruit_general,6015,-0.002063930099470199,0.023982810924229762,False,-3.1076887910734508
sensory,SWEET FRUIT,fruit_general,6,0.8128200974433352,0.08783377537600658,True,-3.1076887910734508
sensory,TROPICAL FRUIT,fruit_general,2,0.29489078511878264,0.07960547284402791,True,-3.1076887910734508
sensory,APPLE,tree_fruit,962,0.6494771639139,0.06368695474437809,True,-3.1076887910734508
sensory,APPLE PIE,tree_fruit,5,-0.0858657749098095,0.18812759911889726,False,-3.1076887910734508
sensory,APPLE TART,tree_fruit,5,-0.15113623283171992,0.06568745891919517,True,-3.1076887910734508
sensory,APRICOT,tree_fruit,220,0.5034926194230748,0.02936789904757634,True,-3.1076887910734508
sensory,BAKED PEACH,tree_fruit,1,-0.12821256785211824,0.060297621396017555,False,-3.1076887910734508
sensory,BLACK CHERRY,tree_fruit,721,0.0345849704818233,0.0719490744517297,False,-3.1076887910734508
sensory,CHERRY,tree_fruit,2362,-0.1252959623321412,0.04717055844062482,True,-3.1076887910734508
sensory,COOKED APPLE,tree_fruit,3,0.10395442790573953,0.03175145977465213,True,-3.1076887910734508
sensory,DATE,tree_fruit,19,0.5342318913390548,0.07385661853806871,True,-3.1076887910734508
sensory,GRAPE,tree_fruit,59,0.0865624228473187,0.10154393984593442,False,-3.1076887910734508
sensory,GREEN APPLE,tree_fruit,8,-0.28248951959480106,0.07070256435368338,True,-3.1076887910734508
sensory,GUAVA,tree_fruit,10,0.5067983493244436,0.08104028631297379,True,-3.1076887910734508
sensory,JONAGOLD APPLE,tree_fruit,5,0.30340787641014383,0.08279624162817631,True,-3.1076887910734508
sensory,KUMQUAT,tree_fruit,5,0.01791462184045108,0.1716338266597816,False,-3.1076887910734508
sensory,NECTARINE,tree_fruit,60,0.9528177019427768,0.10752051344159094,True,-3.1076887910734508
sensory,PERSIMMON,tree_fruit,31,1.0967667957855434,0.1946213878946831,True,-3.1076887910734508
sensory,RED APPLE,tree_fruit,2,-0.16042979755184256,0.08603872194148915,False,-3.1076887910734508
sensory,YELLOW APPLE,tree_fruit,37,0.61723182039715,0.17128192032699827,True,-3.1076887910734508
sensory,BANANA,tree_fruit,11,-0.5679721594909737,0.10596746388961267,True,-3.1076887910734508
sensory,PLUM,tree_fruit,5478,0.16649678084589342,0.014926316678150246,True,-3.1076887910734508
sensory,DAMSON,tree_fruit,621,-0.09886927479209208,0.04702771641144044,True,-3.1076887910734508
sensory,PEAR,tree_fruit,147,0.6424049282165432,0.15250518204699587,True,-3.1076887910734508
sensory,PEACH,tree_fruit,656,0.564775989325226,0.12359341533705721,True,-3.1076887910734508
sensory,MELON,tree_fruit,124,0.7320485038462053,0.08572917887864677,True,-3.1076887910734508
sensory,PINEAPPLE,tree_fruit,257,0.6795590090816405,0.1042444237521495,True,-3.1076887910734508
sensory,LYCHEE,tree_fruit,5,-0.037658408784878535,0.05114429862543662,False,-3.1076887910734508
sensory,MACERATED PLUM,tree_fruit,8,-0.00849674101008498,0.041597000868267696,False,-3.1076887910734508
sensory,MANGO,tree_fruit,104,0.9123143833459131,0.12831890389557904,True,-3.1076887910734508
sensory,PASSION FRUIT,tree_fruit,1,0.08743614209000192,0.045532075955174264,False,-3.1076887910734508
sensory,PLUM CAKE,tree_fruit,8,0.233274815553745,0.08532516094046064,True,-3.1076887910734508
sensory,PLUM SKIN,tree_fruit,39,-0.3951694171484919,0.05732542009979771,True,-3.1076887910734508
sensory,POMEGRANATE,tree_fruit,218,-0.4188489869952486,0.0744317554985999,True,-3.1076887910734508
sensory,QUINCE,tree_fruit,36,0.42380455343871415,0.07611845912555225,True,-3.1076887910734508
sensory,STEEPED PLUM,tree_fruit,2,-0.10554084235261471,0.04189686885727625,True,-3.1076887910734508
sensory,TOASTED COCONUT,tree_fruit,32,1.188007218777044,0.25739633925906485,True,-3.1076887910734508
sensory,BLACK FIG,dried_fruit,54,1.0759276784786793,0.17647397116922992,True,-3.1076887910734508
sensory,MISSION FIG,dried_fruit,9,0.8432458918703716,0.12527214785402668,True,-3.1076887910734508
sensory,BRAISED FIG,dried_fruit,27,1.0314970439637199,0.14754292981486375,True,-3.1076887910734508
sensory,CRUSHED FIG,dried_fruit,23,0.798807132708503,0.21339843844810547,True,-3.1076887910734508
sensory,DRIED FRUIT,dried_fruit,2,0.24761286175474548,0.060891683438992615,True,-3.1076887910734508
sensory,DRIED TOMATO,dried_fruit,5,-0.07376717210333472,0.01992484216443146,True,-3.1076887910734508
sensory,FIG,dried_fruit,830,1.0668768763659535,0.05389717844489487,True,-3.1076887910734508
sensory,FIG PASTE,dried_fruit,1,0.049654505541982,0.02349342462403252,False,-3.1076887910734508
sensory,FRUIT CAKE,dried_fruit,227,0.32512725986301394,0.07586614134643518,True,-3.1076887910734508
sensory,JAM,dried_fruit,267,-0.5291771581959771,0.07533346455982613,True,-3.1076887910734508
sensory,LEMON CURD,dried_fruit,2,-0.1507681148136377,0.04685093826086174,True,-3.1076887910734508
sensory,PLUM SAUCE,dried_fruit,4,0.42831849856703097,0.2759327258287374,False,-3.1076887910734508
sensory,PRUNE,dried_fruit,38,0.03281408847895654,0.14103862195854,False,-3.1076887910734508
sensory,RAISIN,dried_fruit,68,0.17690087861442602,0.15157136965399265,False,-3.1076887910734508
sensory,CANDIED FRUIT,candied,2,0.18333404096972225,0.06763023556465764,True,-3.1076887910734508
sensory,KIRSCH,candied,82,1.1527054285647762,0.1609294122041198,True,-3.1076887910734508
sensory,BISCUIT,yeast_dairy,3,-0.0868182939187508,0.04150994765108087,False,-3.1076887910734508
sensory,BRIOCHE,yeast_dairy,159,0.28977351626541065,0.08167023667071686,True,-3.1076887910734508
sensory,CREAM,yeast_dairy,499,0.6087861114941471,0.08855607872977435,True,-3.1076887910734508
sensory,BOTRYTIS,animal,41,0.9627123682702496,0.2478351568910427,True,-3.1076887910734508
sensory,LANOLIN,animal,9,-0.130185967808969,0.08953313960286137,False,-3.1076887910734508
sensory,LEATHER,animal,46,0.2593106032590969,0.19569002510141895,False,-3.1076887910734508
sensory,BRIAR,floral_herbaceous,324,0.29925422138774505,0.01610794442674536,True,-3.1076887910734508
sensory,CELERY,floral_herbaceous,16,0.04166130234826942,0.12291176700374866,False,-3.1076887910734508
sensory,CHAMOMILE,floral_herbaceous,146,0.8897702731352296,0.2055495855020361,True,-3.1076887910734508
sensory,CHIVE,floral_herbaceous,53,0.06585550407918526,0.09236469963138065,False,-3.1076887910734508
sensory,CLOVE,floral_herbaceous,31,0.703650780754878,0.07454134606430435,True,-3.1076887910734508
sensory,LAVENDER,floral_herbaceous,14,0.21356854606056733,0.27874904710967924,False,-3.1076887910734508
sensory,DRIED FLOWERS,floral_herbaceous,46,0.530997268213373,0.09390817869883053,True,-3.1076887910734508
sensory,DRIED LAVENDER,floral_herbaceous,2,0.21020050908987994,0.06481805939046792,True,-3.1076887910734508
sensory,DRIED ROSES,floral_herbaceous,1,-0.01508685005135091,0.00730541257849259,False,-3.1076887910734508
sensory,FENNEL,floral_herbaceous,72,0.8814347259316644,0.22043939546139493,True,-3.1076887910734508
sensory,FLORAL,floral_herbaceous,800,0.8680424912258345,0.03957514062745085,True,-3.1076887910734508
sensory,HONEYSUCKLE,floral_herbaceous,183,1.032531742537722,0.1142562953005348,True,-3.1076887910734508
sensory,JASMINE,floral_herbaceous,14,0.8309547127306546,0.03482548447380759,True,-3.1076887910734508
sensory,LEAF,floral_herbaceous,536,-0.1493727445622053,0.07223768552797466,True,-3.1076887910734508
sensory,LILAC,floral_herbaceous,199,0.328569500282529,0.07896529362829662,True,-3.1076887910734508
sensory,PINE,floral_herbaceous,3,0.18399767032640682,0.163213508115611,False,-3.1076887910734508
sensory,PLANTAIN,floral_herbaceous,10,0.7486146042833913,0.2182739596445866,True,-3.1076887910734508
sensory,RHUBARB,floral_herbaceous,102,-0.8075266005101034,0.1514667201201449,True,-3.1076887910734508
sensory,ROSE,floral_herbaceous,48,0.5617900188584798,0.23079648920491713,True,-3.1076887910734508
sensory,TARRAGON,floral_herbaceous,153,0.3297743974871729,0.14516247288986792,True,-3.1076887910734508
sensory,TOBACCO LEAF,floral_herbaceous,4,0.003659894242835012,0.07939617001629154,False,-3.1076887910734508
sensory,VERBENA,floral_herbaceous,210,0.6984401949967014,0.04927176743154967,True,-3.1076887910734508
sensory,VIOLET,floral_herbaceous,354,0.844604856950127,0.06969165776662267,True,-3.1076887910734508
sensory,ANISE,spice,987,0.5018908319210111,0.05436751219103587,True,-3.1076887910734508
sensory,SPICE,spice,1116,0.31876842160978536,0.038121531929336844,True,-3.1076887910734508
sensory,BLACK LICORICE,spice,259,0.5790424090261246,0.08803358250143267,True,-3.1076887910734508
sensory,BLACK PEPPER,spice,4,0.349159549815347,0.15343884098443916,True,-3.1076887910734508
sensory,BROWN BREAD,spice,1,-0.20394067699622492,0.09812556192531238,False,-3.1076887910734508
sensory,CINNAMON,spice,50,0.06680262784680453,0.02769161984751859,True,-3.1076887910734508
sensory,EXOTIC SPICE,spice,1,0.13089658078099212,0.0637522238351055,False,-3.1076887910734508
sensory,FLEUR DE SEL,spice,37,0.576415074646375,0.22546912586440196,True,-3.1076887910734508
sensory,GINGER,spice,118,0.9260491873765566,0.14116454975589027,True,-3.1076887910734508
sensory,PEPPER,spice,163,-0.25345666043222764,0.05850888108571901,True,-3.1076887910734508
sensory,NUTMEG,spice,15,0.763139255254426,0.12294529210590395,True,-3.1076887910734508
sensory,INDIAN SPICES,spice,75,0.5448470984001038,0.1274612564796423,True,-3.1076887910734508
sensory,LICORICE,spice,1146,0.5735914084083158,0.05878672419968318,True,-3.1076887910734508
sensory,MACE,spice,4,0.42636755534437226,0.08803390096330242,True,-3.1076887910734508
sensory,MULLED SPICE,spice,68,0.3413681317427593,0.09796974248826582,True,-3.1076887910734508
sensory,PASTIS,spice,56,1.076223358412485,0.2356888526463446,True,-3.1076887910734508
sensory,ROASTED VANILLA,spice,125,-0.48710195500668607,0.125328329240165,True,-3.1076887910734508
sensory,ROASTED WOOD SPICE,spice,9,0.04151456793691588,0.20681093339715562,False,-3.1076887910734508
sensory,ROSEMARY,spice,16,0.6617146837379352,0.21684271815497094,True,-3.1076887910734508
sensory,SEA SALT,spice,2,-0.09647391361011319,0.04786025796118018,False,-3.1076887910734508
sensory,SINGED WOOD SPICE,spice,8,0.504946024226316,0.29127246694269493,False,-3.1076887910734508
sensory,SPICY,spice,4,-0.110862253637286,0.1409587324954143,False,-3.1076887910734508
sensory,TANNINS_HIGH,tannin,1017,-0.2936175687666527,0.05257442894887744,True,-3.1076887910734508
sensory,TANNINS_MEDIUM,tannin,1950,0.39140907564219407,0.04556927169445529,True,-3.1076887910734508
sensory,TANNINS_MED,tannin,22,-0.39662183437604726,0.0449847204138101,True,-3.1076887910734508
sensory,TANNINS_LOW,tannin,1807,0.5360642656842304,0.03554042739130402,True,-3.1076887910734508
sensory,CORE,body,2444,0.18949916690341376,0.020240801167090327,True,-3.1076887910734508
sensory,DARK RED,body,5,0.2816845132455721,0.15049959420855027,True,-3.1076887910734508
sensory,DARK RUBY,body,23,-0.05311381772826162,0.09191549813221801,False,-3.1076887910734508
sensory,DARK-WINE,body,1,-0.09398185198000349,0.043896342134419945,False,-3.1076887910734508
sensory,DENSE,body,358,1.2788272380164607,0.052060255676377926,True,-3.1076887910734508
sensory,FRAME,body,516,-0.23634354079129213,0.07665708989429018,True,-3.1076887910734508
sensory,FULL-BODIED,body,2285,1.4969280893555765,0.01761379463399834,True,-3.1076887910734508
sensory,GOLDEN YELLOW,body,1,0.05642394201084387,0.027664936473446897,False,-3.1076887910734508
sensory,LIGHT-BODIED,body,2536,-0.5594626814880316,0.02738260665777567,True,-3.1076887910734508
sensory,MEDIUM-BODIED,body,2715,-1.4684214382353102,0.01356024765739164,True,-3.1076887910734508
sensory,NICELY WOUND,body,3,0.0695929004623746,0.10268003950745301,False,-3.1076887910734508
sensory,PURPLE,body,13,0.3889507297853365,0.19854713573401422,True,-3.1076887910734508
sensory,RED,body,1935,-0.00080421971808276,0.047878360036233934,False,-3.1076887910734508
sensory,ROUND,body,492,0.12774400576652487,0.06813095007557317,True,-3.1076887910734508
sensory,SOLID,body,1128,0.18456318049413786,0.04814204043004258,True,-3.1076887910734508
sensory,WINE_WEIGHT,body,120,0.6532661397104501,0.19374031601785233,True,-3.1076887910734508
sensory,WHITE,body,594,0.6123520594434083,0.14665452555845437,True,-3.1076887910734508
sensory,YELLOW,body,211,0.6411205550999187,0.060232950246725946,True,-3.1076887910734508
sensory,WELL-STRUCTURED,body,526,0.8191863325478309,0.05502447374342474,True,-3.1076887910734508
sensory,CONCENTRATED,body,160,0.6277456875083416,0.09471485277328527,True,-3.1076887910734508
sensory,ACIDITY_LOW,acidity,577,0.49421283347518297,0.045341211612385704,True,-3.1076887910734508
sensory,ACIDITY_HIGH,acidity,1,-0.019941282081240224,0.009726219576177173,False,-3.1076887910734508
sensory,ACIDITY_MEDIUM,acidity,1,-0.1534802846708742,0.07532192313629653,False,-3.1076887910734508
sensory,FINISH,finish,10545,-0.2030651217322596,0.010865763599253684,True,-3.1076887910734508
sensory,LONG FINISH,finish,39,1.8048253921871147,0.15739469263177328,True,-3.1076887910734508
sensory,EXCELLENT FINISH,finish,537,0.5227737823493999,0.025738964779660742,True,-3.1076887910734508
sensory,STRONG FINISH,finish,14,0.30766336782957027,0.12533819961232195,True,-3.1076887910734508
sensory,WEAK FINISH,finish,119,-1.6018216553467504,0.10158787366620288,True,-3.1076887910734508
sensory,BACON,meat,12,0.3162486295543303,0.2305678940797197,False,-3.1076887910734508
sensory,BEEF,meat,20,-0.7419885898201168,0.10121387914056895,True,-3.1076887910734508
sensory,CHARRED MEAT,meat,1,-0.0904917118704599,0.042429403465587524,False,-3.1076887910734508
sensory,GAME,meat,37,-0.06974753923160028,0.115437755224536,False,-3.1076887910734508
sensory,GRILLED MEAT,meat,16,0.1462979718438406,0.057231587214719375,True,-3.1076887910734508
sensory,MEAT,meat,150,0.5153330696590526,0.13473989234875744,True,-3.1076887910734508
sensory,OYSTER SHELL,meat,2,0.27867226033941284,0.1120832629898479,True,-3.1076887910734508
sensory,BALSAMIC,herbs,4,-0.1432317640698056,0.038082286146042525,True,-3.1076887910734508
sensory,BARLEY,herbs,10,-0.48289011321568576,0.13575794204124042,True,-3.1076887910734508
sensory,BASIL,herbs,17,-0.1876541058003482,0.16043303317615865,False,-3.1076887910734508
sensory,BAY LEAF,herbs,8,0.5742295997643859,0.18531732928327546,True,-3.1076887910734508
sensory,BRAMBLE,herbs,158,0.7849088723022015,0.08473847514837905,True,-3.1076887910734508
sensory,CARDAMOM,herbs,3,0.2856140928764535,0.08318306567000099,True,-3.1076887910734508
sensory,GRASS,herbs,10,0.24692637676735366,0.2381241748375865,False,-3.1076887910734508
sensory,EUCALYPTUS,herbs,4,-0.10283494395564725,0.0926560290822911,False,-3.1076887910734508
sensory,GRAIN,herbs,3,-0.019158223916404475,0.09827802917774307,False,-3.1076887910734508
sensory,HERBS,herbs,790,-0.9628053675271605,0.134636953548779,True,-3.1076887910734508
sensory,MINT,herbs,84,0.3217529095584267,0.10080842211970975,True,-3.1076887910734508
sensory,MESQUITE,herbs,197,0.9242907168410661,0.07810671435369275,True,-3.1076887910734508
sensory,SAGE,herbs,32,0.37530147412630893,0.18186353379754203,True,-3.1076887910734508
sensory,PEPPERMINT,herbs,1,0.15433608927492773,0.07301257251036869,False,-3.1076887910734508
sensory,SASSAFRAS,herbs,1,-0.029336879700327872,0.014016882253997047,False,-3.1076887910734508
sensory,SHISO,herbs,14,-0.09278784577783854,0.17046788661083687,False,-3.1076887910734508
sensory,ASPARAGUS,vegetal,55,0.17292033475804977,0.147160482424044,True,-3.1076887910734508
sensory,BLACK OLIVE,vegetal,29,0.6676013417709988,0.14180362724718323,True,-3.1076887910734508
sensory,DARK TAPENADE,vegetal,1,0.016486975193119684,0.00846486785505781,False,-3.1076887910734508
sensory,GREEN BEANS,vegetal,1,-0.020807328962519342,0.01007540336275942,False,-3.1076887910734508
sensory,GREEN OLIVE,vegetal,17,0.33032702332618397,0.2603455620143535,False,-3.1076887910734508
sensory,OLIVE,vegetal,67,-0.17451311821528584,0.12656783419494558,True,-3.1076887910734508
sensory,BLACK TEA,tea_tobacco,416,1.2885614725687535,0.06066651347208191,True,-3.1076887910734508
sensory,DARK TOBACCO,tea_tobacco,5,0.6252766599358284,0.12228245714763479,True,-3.1076887910734508
sensory,FRESH TOBACCO,tea_tobacco,2,0.2999422780901758,0.1591748471245551,False,-3.1076887910734508
sensory,GREEN TEA,tea_tobacco,21,0.8252803731944626,0.1857195302120526,True,-3.1076887910734508
sensory,HAY/STRAW,tea_tobacco,232,-0.044199097408970135,0.04085920386106313,False,-3.1076887910734508
sensory,LAPSANG SOUCHONG TEA,tea_tobacco,14,0.8592348360711726,0.10733863353726712,True,-3.1076887910734508
sensory,MADURO TOBACCO,tea_tobacco,60,0.36409210395555147,0.11043813222215032,True,-3.1076887910734508
sensory,SWEET TOBACCO,tea_tobacco,2,-0.019711201730660963,0.006649567566565354,True,-3.1076887910734508
sensory,TEA,tea_tobacco,203,0.843729315695909,0.09060396413015737,True,-3.1076887910734508
sensory,TOBACCO,tea_tobacco,2564,0.3935778538918491,0.043575797564718174,True,-3.1076887910734508
sensory,ALMOND,nuts,265,1.0046211519166404,0.08023364143903167,True,-3.1076887910734508
sensory,BRAZIL NUT,nuts,1,-0.017395911419370406,0.0091953925577969,False,-3.1076887910734508
sensory,CHESTNUT,nuts,42,-0.4441010488304488,0.16283725878348412,True,-3.1076887910734508
sensory,GREEN ALMOND,nuts,1,0.1403373229498133,0.06783342370776183,False,-3.1076887910734508
sensory,HAZELNUT,nuts,28,1.056936871432031,0.11252723448389595,True,-3.1076887910734508
sensory,MACADAMIA NUT,nuts,71,1.5179168266872856,0.10763130968676621,True,-3.1076887910734508
sensory,NUT,nuts,12,0.0015262640129209014,0.04635094569025613,False,-3.1076887910734508
sensory,WALNUT,nuts,2,0.21179650099156855,0.10831850782449999,False,-3.1076887910734508
sensory,BEESWAX,sweet,6,-0.0644547872528924,0.2120262070222862,False,-3.1076887910734508
sensory,CHOCOLATE,sweet,850,0.5813808431179881,0.07964986300661299,True,-3.1076887910734508
sensory,COCOA,sweet,441,0.40438405168521835,0.07154881509805516,True,-3.1076887910734508
sensory,GANACHE,sweet,394,0.9319609595365013,0.07315200913697364,True,-3.1076887910734508
sensory,BUTTER,sweet,131,0.5759519553130334,0.1142645988116794,True,-3.1076887910734508
sensory,BUTTERSCOTCH,sweet,10,0.18581272856727615,0.11109673093332091,True,-3.1076887910734508
sensory,CARAMEL,sweet,37,0.5661230192704342,0.06663133625371051,True,-3.1076887910734508
sensory,HONEY,sweet,286,0.7753075601540994,0.068405109338093,True,-3.1076887910734508
sensory,DARK CHOCOLATE,sweet,1,-0.20957066384555367,0.09924799285139499,False,-3.1076887910734508
sensory,ESPRESSO,sweet,275,0.7196458536272824,0.07617063823293709,True,-3.1076887910734508
sensory,HOISIN,sweet,5,0.7915751299927142,0.18694258602786093,True,-3.1076887910734508
sensory,LINZER TORTE,sweet,146,1.2419878802566502,0.09374255012736961,True,-3.1076887910734508
sensory,MAPLE SYRUP,sweet,8,0.5576594245257753,0.14050932739241576,True,-3.1076887910734508
sensory,MARSHMALLOW,sweet,2,0.25855066520140313,0.11443253572955343,True,-3.1076887910734508
sensory,MARZIPAN,sweet,24,0.03223155949857455,0.25739266773932723,False,-3.1076887910734508
sensory,MERINGUE,sweet,44,1.0706536658714871,0.12099105154174974,True,-3.1076887910734508
sensory,MOCHA,sweet,204,0.2080969853307441,0.08388384442576655,True,-3.1076887910734508
sensory,PANCAKES,sweet,1,0.10604977733668268,0.05000835294246062,False,-3.1076887910734508
sensory,PASTRY,sweet,2,0.17702528115083907,0.18138197244218118,False,-3.1076887910734508
sensory,PIE,sweet,97,-0.1015599522851419,0.17181055366471537,False,-3.1076887910734508
sensory,PIECRUST,sweet,61,0.5965803811362411,0.14436806543876934,True,-3.1076887910734508
sensory,SYRUP,sweet,11,0.8945176465796364,0.055873610371196335,True,-3.1076887910734508
sensory,TART,sweet,109,-0.18178443311235398,0.12091009784958716,False,-3.1076887910734508
sensory,TOFFEE,sweet,23,0.7434282997898428,0.18993044366466744,True,-3.1076887910734508
sensory,TURKISH COFFEE,sweet,13,0.286990940339791,0.16961735807372647,True,-3.1076887910734508
sensory,ALDER,oak,340,0.977058112830846,0.06061835421273185,True,-3.1076887910734508
sensory,CEDAR,oak,792,0.0546535739045089,0.08165008367595718,False,-3.1076887910734508
sensory,OAK,oak,439,0.6351353174582403,0.11883661490434579,True,-3.1076887910734508
sensory,VANILLA,oak,1254,0.27538832968921856,0.07616545588643252,True,-3.1076887910734508
sensory,MAHOGANY,oak,10,-0.30362234970442475,0.14577086222058447,True,-3.1076887910734508
sensory,SANDALWOOD,oak,216,0.2897684854785963,0.0773485794128125,True,-3.1076887910734508
sensory,WOOD,oak,740,0.30504136144368577,0.023174824491743063,True,-3.1076887910734508
sensory,QUININE,medicinal,126,1.417490839814608,0.16890959103985326,True,-3.1076887910734508
sensory,TALCUM,medicinal,4,0.14353122467522528,0.08832761709795829,True,-3.1076887910734508
sensory,COFFEE,roasted,528,0.11252260486307744,0.07866453873668627,True,-3.1076887910734508
sensory,CAPPUCCINO,roasted,17,1.2158680859610773,0.334836193897129,True,-3.1076887910734508
sensory,CHARCOAL,roasted,507,0.9350687359577399,0.05302774597252058,True,-3.1076887910734508
sensory,CIGAR,roasted,38,0.39865022228351965,0.08884460228129937,True,-3.1076887910734508
sensory,COLA,roasted,26,0.27739340338136964,0.16999376194771626,True,-3.1076887910734508
sensory,TOASTY,roasted,4,0.34383206919413634,0.12757236000928884,True,-3.1076887910734508
sensory,TOASTY OAK,roasted,2,0.19530821730707246,0.0965873037359237,False,-3.1076887910734508
sensory,LIQUEUR,roasted,3,-0.1554554345253253,0.04266522221116235,True,-3.1076887910734508
sensory,ROASTED,roasted,679,0.07937941105261255,0.05042096724287613,True,-3.1076887910734508
sensory,SMOKE,roasted,388,-0.0047544191844907414,0.05870493848153272,False,-3.1076887910734508
sensory,TOAST,roasted,1164,0.04460069766655982,0.05804944805936218,False,-3.1076887910734508
sensory,TOASTY WOOD,roasted,2,0.2040267799893387,0.09594937987829076,False,-3.1076887910734508
sensory,ASPHALT,earth,4,0.1483057291903382,0.021699865433020573,True,-3.1076887910734508
sensory,TRUFFLE,earth,10,0.8851587254380591,0.2142505390244173,True,-3.1076887910734508
sensory,BRICK,earth,2,-0.25253645891400617,0.09281473361839493,True,-3.1076887910734508
sensory,CHALK,earth,460,0.6378816565384895,0.05861152392842685,True,-3.1076887910734508
sensory,LOAM,earth,203,0.8549419251083221,0.04846526405233337,True,-3.1076887910734508
sensory,EARTHY,earth,538,0.188677145253473,0.051748412325522665,True,-3.1076887910734508
sensory,CRUSHED ROCK,earth,66,-0.07293754619343239,0.2542914426381659,False,-3.1076887910734508
sensory,DRIED MUSHROOM,earth,5,0.08294152946836102,0.1629010723875842,False,-3.1076887910734508
sensory,DUSTY,earth,95,-0.17432227429735997,0.14656028917669417,True,-3.1076887910734508
sensory,IRON,earth,658,0.9325643919171898,0.0579172935324622,True,-3.1076887910734508
sensory,FLINT,earth,12,0.08087610084248997,0.14834266203065508,False,-3.1076887910734508
sensory,PENCIL LEAD,earth,449,1.2934511663081878,0.05050380041316076,True,-3.1076887910734508
sensory,HUMUS,earth,26,0.6017990599625314,0.16026675624653083,True,-3.1076887910734508
sensory,MINERAL,earth,1049,0.7485799897217152,0.03759287746403416,True,-3.1076887910734508
sensory,MUSHROOM,earth,62,0.23988244001186268,0.17298797187084378,True,-3.1076887910734508
sensory,PEBBLE,earth,26,0.7783173116677201,0.16293732272232933,True,-3.1076887910734508
sensory,SALINE,earth,6,0.37738677983097996,0.21385847976052033,False,-3.1076887910734508
sensory,SLATE,earth,6,-0.1011623081850494,0.15211425645551696,False,-3.1076887910734508
sensory,STEEL,earth,1,0.06482298093947304,0.03245753960645435,False,-3.1076887910734508
sensory,STONE,earth,198,0.47063305500874275,0.05636104927968868,True,-3.1076887910734508
sensory,PLASTIC,chemical,1,0.21670904256107085,0.10214796342928738,False,-3.1076887910734508
sensory,TAR,chemical,570,0.5012398762445908,0.06427274119044533,True,-3.1076887910734508
sensory,BURN,chemical,4,0.406268914742327,0.13420768564283556,True,-3.1076887910734508
sensory,BURNT MATCH,chemical,5,0.10716111274936542,0.2011303201935136,False,-3.1076887910734508
sensory,RUBBERY,chemical,1,-0.14788275830936837,0.07088709074385884,False,-3.1076887910734508
sensory,ALCOHOL,chemical,2,0.3249446364089237,0.1578627297933332,False,-3.1076887910734508
sensory,MENTHOL,chemical,33,0.7974467991246482,0.24490624564131075,True,-3.1076887910734508
