model,features,design,accuracy,balanced_accuracy,roc_auc
majority,all,random,0.7029,0.5,0.5
naive_bayes,all,random,0.8511,0.8347,0.921
logistic,all,random,0.8716,0.8329,0.9362
majority,sensory,random,0.7029,0.5,0.5
naive_bayes,sensory,random,0.7759,0.7346,0.8377
logistic,sensory,random,0.806,0.743,0.8684
majority,descriptive,random,0.7029,0.5,0.5
naive_bayes,descriptive,random,0.8458,0.8022,0.9019
logistic,descriptive,random,0.8473,0.7906,0.9066
majority,all,grouped,0.7029,0.5,0.5
naive_bayes,all,grouped,0.8516,0.8349,0.9214
logistic,all,grouped,0.8732,0.8358,0.9376
majority,sensory,grouped,0.7029,0.5,0.5
naive_bayes,sensory,grouped,0.7763,0.7344,0.8384
logistic,sensory,grouped,0.807,0.7442,0.8691
majority,descriptive,grouped,0.7029,0.5,0.5
naive_bayes,descriptive,grouped,0.8456,0.8019,0.902
logistic,descriptive,grouped,0.8485,0.7922,0.9076
majority,all,temporal,0.6748,0.5,0.5
naive_bayes,all,temporal,0.83,0.8166,0.9068
logistic,all,temporal,0.852,0.8114,0.9221
majority,sensory,temporal,0.6748,0.5,0.5
naive_bayes,sensory,temporal,0.7504,0.742,0.8221
logistic,sensory,temporal,0.7839,0.709,0.8439
majority,descriptive,temporal,0.6748,0.5,0.5
naive_bayes,descriptive,temporal,0.8285,0.7704,0.8933
logistic,descriptive,temporal,0.8206,0.7573,0.8999
random_forest,all,random,0.8613,0.8105,0.9334
