design,features,model,n_folds,accuracy,accuracy_sd,balanced_accuracy,balanced_accuracy_sd,f1_90plus,f1_90plus_sd,roc_auc,roc_auc_sd,brier,brier_sd
random,all,majority,5,0.7029,0.0002,0.5,0.0,0.0,0.0,0.5,0.0,0.2971,0.0002
random,all,naive_bayes,5,0.8511,0.005,0.8347,0.0046,0.7602,0.0067,0.921,0.0051,0.1148,0.0047
random,all,logistic,5,0.8723,0.0058,0.8339,0.0092,0.7747,0.0118,0.9362,0.0054,0.091,0.0039
random,all,linear_svm,5,0.8708,0.004,0.8312,0.0075,0.7713,0.0091,0.9361,0.005,,
random,sensory,majority,5,0.7029,0.0002,0.5,0.0,0.0,0.0,0.5,0.0,0.2971,0.0002
random,sensory,naive_bayes,5,0.7759,0.0056,0.7346,0.0082,0.6265,0.0113,0.8377,0.006,0.1611,0.0035
random,sensory,logistic,5,0.8054,0.0071,0.7421,0.0089,0.6415,0.0134,0.8683,0.0108,0.1316,0.005
random,sensory,linear_svm,5,0.8055,0.0093,0.7402,0.0105,0.6389,0.0162,0.8682,0.0107,,
random,descriptive,majority,5,0.7029,0.0002,0.5,0.0,0.0,0.0,0.5,0.0,0.2971,0.0002
random,descriptive,naive_bayes,5,0.8458,0.0069,0.8022,0.007,0.7281,0.0105,0.9019,0.0076,0.1153,0.0056
random,descriptive,logistic,5,0.8474,0.0076,0.7909,0.0104,0.7172,0.0151,0.9065,0.0069,0.109,0.004
random,descriptive,linear_svm,5,0.8462,0.006,0.7869,0.0076,0.7123,0.0114,0.9074,0.0065,,
grouped,all,majority,5,0.7029,0.0002,0.5,0.0,0.0,0.0,0.5,0.0,0.2971,0.0002
grouped,all,naive_bayes,5,0.8516,0.0051,0.8349,0.0082,0.7606,0.0088,0.9214,0.0036,0.1147,0.0049
grouped,all,logistic,5,0.8725,0.0082,0.8347,0.0141,0.7753,0.0177,0.9375,0.0047,0.0901,0.0037
grouped,all,linear_svm,5,0.8716,0.0091,0.8327,0.0149,0.773,0.0191,0.9374,0.0047,,
grouped,sensory,majority,5,0.7029,0.0002,0.5,0.0,0.0,0.0,0.5,0.0,0.2971,0.0002
grouped,sensory,naive_bayes,5,0.7763,0.0059,0.7344,0.0067,0.6263,0.0091,0.8384,0.0027,0.1605,0.0017
grouped,sensory,logistic,5,0.8065,0.0096,0.7435,0.0154,0.6434,0.0231,0.8691,0.0074,0.1315,0.0036
grouped,sensory,linear_svm,5,0.8069,0.0095,0.742,0.0144,0.6414,0.0219,0.869,0.0076,,
grouped,descriptive,majority,5,0.7029,0.0002,0.5,0.0,0.0,0.0,0.5,0.0,0.2971,0.0002
grouped,descriptive,naive_bayes,5,0.8456,0.0084,0.8019,0.0096,0.7276,0.0137,0.902,0.0092,0.1153,0.0074
grouped,descriptive,logistic,5,0.8489,0.0092,0.7928,0.0108,0.7203,0.0167,0.9076,0.0089,0.1081,0.0058
grouped,descriptive,linear_svm,5,0.8474,0.009,0.7889,0.0113,0.7151,0.0172,0.9084,0.009,,
temporal,all,majority,1,0.6748,0.0,0.5,0.0,0.0,0.0,0.5,0.0,0.3252,0.0
temporal,all,naive_bayes,1,0.83,0.0,0.8166,0.0,0.7485,0.0,0.9068,0.0,0.1287,0.0
temporal,all,logistic,1,0.8518,0.0,0.8112,0.0,0.7531,0.0,0.922,0.0,0.1041,0.0
temporal,all,linear_svm,1,0.8518,0.0,0.8106,0.0,0.7525,0.0,0.9219,0.0,,
temporal,sensory,majority,1,0.6748,0.0,0.5,0.0,0.0,0.0,0.5,0.0,0.3252,0.0
temporal,sensory,naive_bayes,1,0.7504,0.0,0.742,0.0,0.6517,0.0,0.8221,0.0,0.1811,0.0
temporal,sensory,logistic,1,0.7841,0.0,0.7091,0.0,0.5984,0.0,0.8437,0.0,0.1463,0.0
temporal,sensory,linear_svm,1,0.7809,0.0,0.7042,0.0,0.59,0.0,0.8432,0.0,,
temporal,descriptive,majority,1,0.6748,0.0,0.5,0.0,0.0,0.0,0.5,0.0,0.3252,0.0
temporal,descriptive,naive_bayes,1,0.8285,0.0,0.7704,0.0,0.6962,0.0,0.8933,0.0,0.1288,0.0
temporal,descriptive,logistic,1,0.8201,0.0,0.7565,0.0,0.675,0.0,0.8997,0.0,0.1233,0.0
temporal,descriptive,linear_svm,1,0.8196,0.0,0.7518,0.0,0.6679,0.0,0.8988,0.0,,
random,all,random_forest,5,0.8607,0.0071,0.8092,0.0095,0.7442,0.0138,0.9316,0.006,0.1033,0.0029
random,all,gradient_boosting,5,0.8671,0.0081,0.8291,0.0107,0.7668,0.0149,0.9327,0.0063,0.0937,0.0053
random,sensory,random_forest,5,0.7934,0.0069,0.7168,0.0079,0.6029,0.0127,0.8626,0.007,0.1385,0.0022
random,sensory,gradient_boosting,5,0.7989,0.0057,0.7407,0.005,0.6384,0.0075,0.865,0.0089,0.1336,0.0041
grouped,all,gradient_boosting,5,0.868,0.0066,0.8315,0.0138,0.7692,0.0164,0.9338,0.0053,0.093,0.0038
