appellation,pattern,bank,style,main_grapes
Pauillac,Pauillac,left,red,"Cabernet Sauvignon, Merlot, Cabernet Franc, Petit Verdot"
St.-Julien,St.-Julien,left,red,"Cabernet Sauvignon, Merlot, Cabernet Franc, Petit Verdot"
St.-Estèphe,St.-Estèphe,left,red,"Cabernet Sauvignon, Merlot, Cabernet Franc, Petit Verdot"
Margaux,Margaux,left,red,"Cabernet Sauvignon, Merlot, Cabernet Franc, Petit Verdot"
Haut-Médoc,Haut-Médoc,left,red,"Cabernet Sauvignon, Merlot, Cabernet Franc, Petit Verdot"
Médoc,Médoc,left,red,"Cabernet Sauvignon, Merlot, Cabernet Franc, Petit Verdot"
Listrac-Médoc,Listrac-Médoc,left,red,"Cabernet Sauvignon, Merlot, Cabernet Franc, Petit Verdot"
Listrac-Médoc,Listrac,left,red,"Cabernet Sauvignon, Merlot, Cabernet Franc, Petit Verdot"
Moulis-en-Médoc,Moulis-en-Médoc,left,red,"Cabernet Sauvignon, Merlot, Cabernet Franc, Petit Verdot"
Moulis-en-Médoc,Moulis,left,red,"Cabernet Sauvignon, Merlot, Cabernet Franc, Petit Verdot"
Pessac-Léognan,Pessac-Léognan,left,red,"Cabernet Sauvignon, Merlot, Cabernet Franc"
Graves,Graves,left,red,"Cabernet Sauvignon, Merlot, Cabernet Franc"
St.-Emilion,St.-Emilion,right,red,"Merlot, Cabernet Franc, Cabernet Sauvignon"
Montagne-St.-Emilion,Montagne-St.-Emilion,right,red,"Merlot, Cabernet Franc, Cabernet Sauvignon"
Lussac-St.-Emilion,Lussac-St.-Emilion,right,red,"Merlot, Cabernet Franc, Cabernet Sauvignon"
Puisseguin-St.-Emilion,Puisseguin-St.-Emilion,right,red,"Merlot, Cabernet Franc, Cabernet Sauvignon"
St.-Georges-St.-Emilion,St.-Georges-St.-Emilion,right,red,"Merlot, Cabernet Franc, Cabernet Sauvignon"
Pomerol,Pomerol,right,red,"Merlot, Cabernet Franc"
Lalande-de-Pomerol,Lalande-de-Pomerol,right,red,"Merlot, Cabernet Franc"
Fronsac,Fronsac,right,red,"Merlot, Cabernet Franc, Cabernet Sauvignon"
Canon-Fronsac,Canon-Fronsac,right,red,"Merlot, Cabernet Franc, Cabernet Sauvignon"
Castillon Côtes de Bordeaux,Castillon Côtes de Bordeaux,right,red,"Merlot, Cabernet Franc, Cabernet Sauvignon"
Castillon Côtes de Bordeaux,Côtes de Castillon,right,red,"Merlot, Cabernet Franc, Cabernet Sauvignon"
Francs Côtes de Bordeaux,Francs Côtes de Bordeaux,right,red,"Merlot, Cabernet Franc, Cabernet Sauvignon"
Francs Côtes de Bordeaux,Côtes de Francs,right,red,"Merlot, Cabernet Franc, Cabernet Sauvignon"
Côtes de Bourg,Côtes de Bourg,right,red,"Merlot, Cabernet Sauvignon, Cabernet Franc, Malbec"
Blaye Côtes de Bordeaux,Blaye Côtes de Bordeaux,right,red,"Merlot, Cabernet Sauvignon, Cabernet Franc, Malbec"
Blaye Côtes de Bordeaux,Premières Côtes de Blaye,right,red,"Merlot, Cabernet Sauvignon, Cabernet Franc, Malbec"
Blaye Côtes de Bordeaux,Côtes de Blaye,right,red,"Merlot, Cabernet Sauvignon, Cabernet Franc, Malbec"
Bordeaux Supérieur,Bordeaux Supérieur,generic,red,"Merlot, Cabernet Sauvignon, Cabernet Franc"
Cadillac Côtes de Bordeaux,Cadillac Côtes de Bordeaux,generic,red,"Merlot, Cabernet Sauvignon, Cabernet Franc"
Cadillac Côtes de Bordeaux,Premières Côtes de Bordeaux,generic,red,"Merlot, Cabernet Sauvignon, Cabernet Franc"
Côtes de Bordeaux,Côtes de Bordeaux,generic,red,"Merlot, Cabernet Sauvignon, Cabernet Franc"
Graves de Vayres,Graves de Vayres,generic,red,"Merlot, Cabernet Sauvignon, Cabernet Franc"
Ste.-Foy-Bordeaux,Ste.-Foy-Bordeaux,generic,red,"Merlot, Cabernet Sauvignon, Cabernet Franc"
Bordeaux,Bordeaux,generic,red,"Merlot, Cabernet Sauvignon, Cabernet Franc"
Entre-Deux-Mers,Entre-Deux-Mers,generic,white,"Sauvignon Blanc, Sémillon, Muscadelle"
Sauternes,Sauternes,sweet,sweet,"Sémillon, Sauvignon Blanc, Muscadelle (noble rot)"
Barsac,Barsac,sweet,sweet,"Sémillon, Sauvignon Blanc, Muscadelle (noble rot)"
Loupiac,Loupiac,sweet,sweet,"Sémillon, Sauvignon Blanc, Muscadelle (noble rot)"
Ste.-Croix-du-Mont,Ste.-Croix-du-Mont,sweet,sweet,"Sémillon, Sauvignon Blanc, Muscadelle (noble rot)"
Cérons,Cérons,sweet,sweet,"Sémillon, Sauvignon Blanc, Muscadelle (noble rot)"
Cadillac,Cadillac,sweet,sweet,"Sémillon, Sauvignon Blanc, Muscadelle (noble rot)"
Blaye Côtes de Bordeaux,Blaye,right,red,"Merlot, Cabernet Sauvignon, Cabernet Franc, Malbec"
Bordeaux Haut-Benauge,Haut-Benauge,generic,red,"Merlot, Cabernet Sauvignon, Cabernet Franc"
Vin de France,Vin de France,generic,red,"Merlot, Cabernet Sauvignon, Cabernet Franc"
Vin de France,Vin de Table de France,generic,red,"Merlot, Cabernet Sauvignon, Cabernet Franc"
Vin de France,Vin de Table Français,generic,red,"Merlot, Cabernet Sauvignon, Cabernet Franc"
