province,plate,lat,lon
Adana,1,37.0,35.325
Adıyaman,2,37.7644,38.2763
Afyonkarahisar,3,38.7581,30.5386
Ağrı,4,39.7225,43.0544
Amasya,5,40.65,35.8333
Ankara,6,39.93,32.85
Antalya,7,36.9081,30.6956
Artvin,8,41.1822,41.8194
Aydın,9,37.8481,27.8453
Balıkesir,10,39.6511,27.8842
Bilecik,11,40.1431,29.9792
Bingöl,12,38.8861,40.5017
Bitlis,13,38.4,42.1167
Bolu,14,40.7333,31.6
Burdur,15,37.7167,30.2833
Bursa,16,40.1833,29.0667
Çanakkale,17,40.15,26.4
Çankırı,18,40.6,33.6167
Çorum,19,40.5489,34.9533
Denizli,20,37.7731,29.0878
Diyarbakır,21,37.9108,40.2367
Edirne,22,41.6781,26.5594
Elazığ,23,38.6667,39.2167
Erzincan,24,39.7464,39.4914
Erzurum,25,39.9097,41.2756
Eskişehir,26,39.7767,30.5206
Gaziantep,27,37.0667,37.3833
Giresun,28,40.9,38.4167
Gümüşhane,29,40.4597,39.4778
Hakkari,30,37.5744,43.7408
Hatay,31,36.2,36.15
Isparta,32,37.7667,30.55
Mersin,33,36.8,34.6167
İstanbul,34,41.01,28.9603
İzmir,35,38.4127,27.1384
Kars,36,40.6069,43.0931
Kastamonu,37,41.3833,33.7833
Kayseri,38,38.7333,35.4833
Kırklareli,39,41.7347,27.2253
Kırşehir,40,39.145,34.1608
Kocaeli,41,40.7656,29.9406
Konya,42,37.8714,32.4847
Kütahya,43,39.4242,29.9833
Malatya,44,38.3554,38.3337
Manisa,45,38.6131,27.4258
Kahramanmaraş,46,37.5875,36.9453
Mardin,47,37.3167,40.7378
Muğla,48,37.2167,28.3667
Muş,49,38.7333,41.4911
Nevşehir,50,38.625,34.7122
Niğde,51,37.9667,34.6792
Ordu,52,40.9833,37.8833
Rize,53,41.0167,40.5167
Sakarya,54,40.7778,30.4028
Samsun,55,41.2867,36.33
Siirt,56,37.8417,41.9458
Sinop,57,42.0267,35.1511
Sivas,58,39.75,37.0167
Tekirdağ,59,40.9833,27.5167
Tokat,60,40.3097,36.5542
Trabzon,61,41.005,39.7225
Tunceli,62,39.1061,39.5481
Şanlıurfa,63,37.1583,38.7917
Uşak,64,38.6833,29.4
Van,65,38.5019,43.4167
Yozgat,66,39.8208,34.8083
Zonguldak,67,41.4304,31.78
Aksaray,68,38.3686,34.0297
Bayburt,69,40.2546,40.226
Karaman,70,37.1833,33.2167
Kırıkkale,71,39.8417,33.5139
Batman,72,37.8833,41.1333
Şırnak,73,37.5164,42.4611
Bartın,74,41.6344,32.3375
Ardahan,75,41.1167,42.7
Iğdır,76,39.9167,44.0333
Yalova,77,40.6556,29.275
Karabük,78,41.2,32.6333
Kilis,79,36.7167,37.1167
Osmaniye,80,37.075,36.25
Düzce,81,40.8417,31.1583
