id,producer,wine,style,grapes,body,oak_months,location_tr,location_en,lat,lon,pairing_note_tr,source_url
chateau_kalpak,Château Kalpak,Château Kalpak,red,Cabernet Sauvignon;Merlot;Cabernet Franc;Petit Verdot,full,30-36,"Şarköy, Tekirdağ","Şarköy, Tekirdağ",40.6140,27.1156,,http://kalpak.net/products-and-process/
kalpak_bbk,Château Kalpak,BBK,red,Merlot;Cabernet Sauvignon;Cabernet Franc;Petit Verdot,full,30-36,"Şarköy, Tekirdağ","Şarköy, Tekirdağ",40.6140,27.1156,,http://kalpak.net/products-and-process/
urla_tempus,Urla Şarapçılık,Urla Tempus,red,Cabernet Sauvignon;Merlot;Syrah;Petit Verdot;Cabernet Franc,full,,"Urla, İzmir","Urla, İzmir",38.3222,26.7647,"Olgun sığır eti, olgun peynirler",https://degustasyon.net/urla-tempus-2022-urla/
sevilen_900_cs,Sevilen,900 Cabernet Sauvignon,red,Cabernet Sauvignon,full,14,"Güney, Denizli","Güney, Denizli",38.1544,29.0678,Güçlü ve baharatlı et yemekleri,https://degustasyon.net/sevilen-900-cabernet-sauvignon-2023-guney/
kavaklidere_egeo_cs,Kavaklıdere,Egeo Cabernet Sauvignon,red,Cabernet Sauvignon,full,11,"Güney, Denizli (Ege bağları)","Güney, Denizli (Aegean vineyards)",38.1544,29.0678,"Sığır ve kuzu eti",https://degustasyon.net/kavaklidere-egeo-cabernet-sauvignon-2022-ege/
buyulubag_cs,Büyülübağ,Cabernet Sauvignon Wild Fermented,red,Cabernet Sauvignon,full,12,"Avşa Adası, Balıkesir","Avşa Island, Balıkesir",40.5863,27.5554,"Olgun biftek, kemikli ağır pişmiş etler",https://degustasyon.net/buyulubag-cabernet-sauvignon-wild-fermented-2024-avsa-adasi/
pamukkale_arti_cs_m,Pamukkale,Artı Cabernet Sauvignon–Merlot,red,Cabernet Sauvignon;Merlot,full,13,"Güney, Denizli","Güney, Denizli",38.1544,29.0678,"Kuzu, dana, şarküteri, köfte",https://degustasyon.net/pamukkale-arti-c-sauvignon-merlot-2023-denizli/
yusta_cs_m,Yusta,Cabernet Sauvignon–Merlot,red,Cabernet Sauvignon:50;Merlot:50,full,19,"Mudanya, Bursa","Mudanya, Bursa",40.3753,28.8822,"Dinlendirilmiş dana, incik, osso buco",https://degustasyon.net/yusta-cabernet-sauvignon-merlot-2023-bursa/
pamukkale_anfora_cs,Pamukkale,Anfora Cabernet Sauvignon,red,Cabernet Sauvignon,medium,,"Güney, Denizli","Güney, Denizli",38.1544,29.0678,"Pide, lahmacun, köfte, hafif baharatlı kebap",https://degustasyon.net/pamukkale-anfora-cabernet-sauvignon-2025-guney/
kavaklidere_egeo_mscs,Kavaklıdere,Egeo Merlot–Syrah–Cabernet Sauvignon,red,Merlot;Syrah;Cabernet Sauvignon,medium,8,"Güney, Denizli","Güney, Denizli",38.1544,29.0678,"Kebap, köfte, etli börek",https://degustasyon.net/kavaklidere-egeo-merlot-syrah-c-sauvignon-2022-guney/
suvla_kabatepe,Suvla,Kabatepe Kırmızı,red,Cabernet Sauvignon;Malbec;Syrah,medium,,"Eceabat, Çanakkale","Eceabat, Çanakkale",40.1842,26.3575,"Köfte, burger, kıymalı börek",https://degustasyon.net/suvla-kabatepe-kirmizi-2018-eceabat/
chateau_nuzun_merlot,Château Nuzun,Merlot,red,Merlot,full,24,Tekirdağ,Tekirdağ,40.9833,27.5167,"Olgun dana, kemikli güveç",https://degustasyon.net/chateau-nuzun-merlot-2019-tekirdag/
selendi_sarnic_merlot,Selendi,Sarnıç Merlot,red,Merlot,full,15,"Akhisar, Manisa","Akhisar, Manisa",38.9185,27.8401,"Olgun dana, kemikli ağır pişmiş etler",https://degustasyon.net/selendi-sarnic-merlot-2023-akhisar/
pamukkale_nodus_cf_m,Pamukkale,Nodus Cabernet Franc–Merlot,red,Cabernet Franc;Merlot,medium,18,"Güney, Denizli","Güney, Denizli",38.1544,29.0678,Meyveyle pişen Osmanlı et yemekleri,https://degustasyon.net/pamukkale-nodus-cabernet-franc-merlot-2021-guney/
kayra_buzbag_rezerv,Kayra,Buzbağ Rezerv,red,Öküzgözü;Boğazkere,full,24,"Elazığ (Öküzgözü) ve Diyarbakır (Boğazkere)","Elazığ (Öküzgözü) and Diyarbakır (Boğazkere)",38.6667,39.2167,"Olgun biftek, baharatlı güveç, kebap",https://degustasyon.net/kayra-buzbag-rezerv-2020-dogu-g-dogu/
umurbey_sb_sem,Umurbey,Sauvignon Blanc–Sémillon,white,Sémillon:80;Sauvignon Blanc:20,,0,Tekirdağ,Tekirdağ,40.9833,27.5167,"Balık, baharatlı beyaz et, Asya mutfağı",https://degustasyon.net/umurbey-sauvignon-blanc-semillon-2022-tekirdag/
sevilen_isabey_sb_sem,Sevilen,W İsabey Sauvignon Blanc–Sémillon,white,Sauvignon Blanc;Sémillon,full,,Ege (İzmir),Aegean (İzmir),38.4127,27.1384,"Yağlı balık, köy tavuğu, bıldırcın",https://degustasyon.net/sevilen-w-isabey-sauvignon-blanc-semillon-2022-ege/
sarafin_sb,Doluca,Sarafin Sauvignon Blanc,white,Sauvignon Blanc,light,,"Saroz, Çanakkale","Saros, Çanakkale",40.5177,26.7887,"Çiğ balık, suşi, taze keçi peyniri",https://degustasyon.net/sarafin-sauvignon-blanc-2025-canakkale/
kavaklidere_egeo_sb,Kavaklıdere,Egeo Sauvignon Blanc,white,Sauvignon Blanc,medium,0,"Güney, Denizli","Güney, Denizli",38.1544,29.0678,"Izgara balık, suşi, taze keçi ve olgun peynir",https://degustasyon.net/kavaklidere-egeo-sauvignon-blanc-2025-denizli/
chamlija_sb,Chamlija,Sauvignon Blanc,white,Sauvignon Blanc,full,0,Kırklareli,Kırklareli,41.7347,27.2253,"Yağlı balık, deniz ürünleri, baharatlı Asya mutfağı",https://degustasyon.net/chamlija-sauvignon-blanc-2025-kirklareli/
gurbuz_semillon_lh,Gürbüz Winery,Semillon Late Harvest,sweet,Sémillon,full,,"Gaziköy, Şarköy, Tekirdağ","Gaziköy, Şarköy, Tekirdağ",40.6140,27.1156,"Küflü peynirler, kaz ciğeri",https://degustasyon.net/gurbuz-winery-semillon-late-harvest-2021-tekirdag/
sevilen_lh_muscat,Sevilen,Late Harvest Muscat,sweet,Bornova Misketi,full,8,"Menderes, İzmir","Menderes, İzmir",38.2540,27.1340,"Rokfor ve gorgonzola gibi küflü peynirler",https://degustasyon.net/sevilen-late-harvest-muscat-2019-izmir/
pamukkale_arti_cs_rose,Pamukkale,Artı Cabernet Sauvignon Roze,rosé,Cabernet Sauvignon,light,0,"Güney, Denizli","Güney, Denizli",38.1544,29.0678,"Kuzu, dana, etli makarna",https://degustasyon.net/pamukkale-arti-cabernet-sauvignon-roze-2025-denizli/
